sub,eeg,cond,per,ocular,muscle
1,47.8116705614111,0,14.6922087558383,19.3663694726275,12.3551283974437
1,45.2648568554893,0,20.3490787719011,19.8775132618059,20.5848615269487
1,47.2268013766178,0,19.0473473404331,20.9560139409772,18.0930140401611
1,47.8692610828311,0,21.1237119859022,23.9376482780435,19.7167438398315
1,44.8875935258691,1,14.0063647809235,15.2194765281914,13.3998089072896
1,47.542473458189,0,14.6771743764786,13.9820526727785,15.0247352283286
1,45.7885056916618,1,14.9783812198838,15.6974409964326,14.6188513316094
1,45.4884106259116,1,12.7297523436286,16.0526846018555,11.0682862145151
1,47.5930229074771,1,14.5304195387087,18.6184039946791,12.4864273107235
1,49.0002727581328,1,27.3083154336591,31.0879510710482,25.4184976149646
1,45.1980520990091,0,19.2574662583833,18.8661394471374,19.4531296640063
1,47.6752157191506,0,18.0802115582795,25.0146075815868,14.6130135466259
1,46.0090810976357,1,19.32762453664,20.7047522724214,18.6390606687493
1,45.80904942836,0,14.2905678724239,15.9848869953906,13.4434083109406
1,46.8954467532598,0,26.8694478675672,27.0062330209232,26.8010552908893
1,44.3657337572874,0,25.3864844164286,27.5209071510758,24.319273049105
1,47.0876023050304,0,23.1092281393628,26.6698161792233,21.3289341194326
1,44.5652911768708,0,16.2829668418896,19.1326877253027,14.8581064001831
1,45.6845359806089,0,29.0825633644223,29.2109171941846,29.0183864495411
1,47.3234251348743,1,22.868386034155,31.6460610933589,18.479548504553
1,45.86323530485,0,19.0881822317093,22.3136895032534,17.4754285959373
1,49.6678098489591,1,40.1690050143395,42.2343015601632,39.1363567414276
1,45.6825002659642,0,22.3365890949426,27.4782815406461,19.7657428720908
1,45.7914516610068,1,30.5040791883964,32.6649631929154,29.423637186137
1,47.905058404115,0,36.3788727129212,39.85695563815,34.6398312503067
1,44.7342072254691,0,26.1287432417712,29.0190948580963,24.6835674336086
1,44.0200274817104,0,18.4426187690803,22.675223519618,16.3263163938114
1,46.3276882256116,1,21.6508212727935,27.8478255763606,18.5523191210099
1,46.6697999852497,0,23.2904563211765,24.7838383493074,22.543765307111
1,45.3870549230147,0,27.6486117990848,34.3287837490815,24.3085258240865
1,45.9735650911991,1,25.2953310274272,24.7664488117216,25.5597721352799
1,44.2368520438628,1,31.2694341033207,32.6330316298338,30.5876353400642
1,47.5231194980208,0,37.0351283129034,37.9487997170179,36.5782926108461
1,46.1721459018177,0,25.0239825856586,29.1474577251579,22.9622450159089
1,45.3604734963459,0,23.0373828387875,29.6400684751679,19.7360400205972
1,44.6938858475982,1,23.3094428404433,28.7590785546346,20.5846249833476
1,44.9672803681928,0,24.0453514905564,26.5049354154764,22.8155595280964
1,47.3520941984271,0,26.5335805666463,30.8356090880191,24.3825663059599
1,48.4379529890052,1,27.4477533622195,33.7310046534036,24.3061277166274
1,47.002189139806,1,30.187608412144,31.154555619929,29.7041348082515
1,44.6102371600459,0,25.1990624992129,26.9464590070747,24.325364245282
1,45.4939919420022,0,28.5923414635334,33.3618034325892,26.2076104790055
1,43.0809338257565,0,18.8751473840212,22.302994555705,17.1612237981793
1,46.4452877225397,1,28.6896660184038,27.6188515477351,29.2250732537382
1,44.0251136889928,0,20.1905514269336,23.1993743827532,18.6861399490238
1,46.4742093748336,0,32.7796942664093,36.095255623291,31.1219135879684
1,47.8042794649227,1,21.0334252089516,25.8990278832544,18.6006238718003
1,45.993146874398,0,24.5397288369261,31.4423622933005,21.0884121087389
1,47.0147492869618,0,27.0593438751704,30.7523314880911,25.21285006871
1,45.7293728767919,0,25.0399799679698,33.3080479323058,20.9059459858019
1,47.092843176213,0,22.7540272014479,24.1099636841315,22.076058960106
1,44.516777970653,0,30.3093979752219,32.4777843555124,29.2252047850766
1,45.8915971758884,1,22.3656763383362,26.9088941313775,20.0940674418155
1,45.1386430089071,1,24.3017656378375,23.0631954919076,24.9210507108025
1,44.4940130477266,0,20.9156387638015,23.0811305151423,19.8328928881312
1,47.5588900645435,1,34.4701181071276,35.7751868824233,33.8175837194797
1,44.8120935756209,0,23.6579794803042,31.5439275548414,19.7150054430356
1,43.8687164247789,1,24.7342855889445,30.6138318715319,21.7945124476509
1,45.2087631153817,1,23.3279194694328,29.6108079238077,20.1864752422454
1,46.8538536276195,0,31.9422389099856,34.5573288626354,30.6346939336607
1,49.3351214398974,1,37.2215916461275,39.5192792871838,36.0727478255993
1,47.5458794871458,1,36.9381884132602,39.4420901502943,35.6862375447432
1,43.9421573451291,0,21.8280225676098,27.5086786688357,18.9876945169969
1,44.8535518906208,1,27.8498872411231,29.2198550061638,27.1649033586027
1,45.490875307398,1,30.560089774632,39.42412968434,26.1280698197779
1,47.644714445168,0,29.5115416908097,36.9549597309496,25.7898326707398
1,42.5379491452863,0,24.7766213560192,28.7937168370747,22.7680736154914
1,43.4048368982379,0,27.50362805247,31.7678972916835,25.3714934328633
1,46.0795275258542,1,26.521981194246,36.0579947543397,21.7539744141991
1,44.0084472291452,0,27.9694121870285,32.3693810068161,25.7694277771347
1,47.0261300249439,1,31.7703462574129,39.1878816553909,28.061578558424
1,47.008632657839,1,28.1710164543652,31.8702064506328,26.3214214562314
1,42.9782299598728,0,24.2952313916568,26.5730831320751,23.1563055214476
1,47.2709019965712,1,31.1720392848692,32.2322346565772,30.6419415990152
1,47.5599806967866,0,31.0545135618699,37.3910645602265,27.8862380626916
1,44.777073516175,1,28.5764496500862,33.1686968640107,26.280326043124
1,45.560312386103,0,22.6962113722583,25.2473403124282,21.4206469021734
1,45.4592545658961,1,24.4412693710217,28.5610974873877,22.3813553128387
1,44.3469446253955,0,34.7100426777707,35.1830392722952,34.4735443805084
1,44.787980229986,0,23.2397642068475,31.8754037725405,18.9219444240009
1,45.2741744732941,1,24.5598951425696,33.5306666301743,20.0745093987672
1,55.0106477405957,0,38.1013829541948,45.6858829035219,34.3091329795313
1,46.2281182566949,1,25.5637165697998,30.4069926054075,23.142078551996
1,46.4431597283982,1,24.9498103451493,34.1447809537349,20.3523250408565
1,44.6728635171749,1,29.2858770452487,34.0905285671783,26.8835512842839
1,47.6434954675158,0,25.963024371759,28.4708832333995,24.7090949409388
1,44.880409615543,0,23.9173450584469,29.7647974236364,20.9936188758522
1,44.5337375876124,1,30.5478436668178,34.5665203035355,28.5385053484589
1,46.5919101912335,0,25.2896026704098,30.2623490525989,22.8032294793153
1,42.990185429666,1,19.7035915518978,23.2484992598163,17.9311376979385
1,47.6311212871255,1,30.6578613053677,38.8869761136442,26.5433039012295
1,46.1595950954103,0,27.2529086505055,31.3671066792784,25.195809636119
1,44.1387063193958,1,20.5989337246036,22.0845693925297,19.8561158906405
1,47.2669732384135,1,38.13119264035,40.8231874630769,36.7851952289865
1,43.427643625736,1,29.1847052347859,31.98528673415,27.7844144851038
1,44.2823284472683,0,20.3519444969063,21.3615147555359,19.8471593675915
1,46.6161946253798,1,26.3016640745864,31.4720459380167,23.7164731428712
1,45.2693079282193,0,36.0208178318911,40.3381007830312,33.8621763563211
1,47.7040596224037,0,35.1503410063386,31.5905017268643,36.9302606460758
1,43.6693129428549,1,25.0774553322633,29.0929176879735,23.0697241544082
1,43.1328691126113,0,27.6975195279909,32.8681467935553,25.1122058952087
1,45.4655593111999,1,25.1516049668917,28.0746993542477,23.6900577732138
1,43.4234453259765,1,19.3150243680107,24.6080108000547,16.6685311519887
1,44.1103702150388,1,22.520171093204,28.2493671073424,19.6555730861349
1,43.4408629194328,0,30.1088226555024,32.256643809177,29.0349120786651
1,43.9805624103704,0,27.4318224711465,30.3499422372386,25.9727625881005
1,49.4562142895986,1,36.8928698817575,39.6023561821549,35.5381267315587
1,44.7804870974364,1,27.185423754722,31.5390650123769,25.0086031258946
1,42.7357072270112,0,23.7295832569427,25.9886815377408,22.6000341165437
1,42.610778939568,0,21.8137218404678,23.6534323636271,20.8938665788882
1,46.709272859135,1,25.9666299664355,29.9985163233978,23.9506867879544
1,44.1160076185494,1,19.0726178886214,18.8361424724482,19.190855596708
1,45.8368506125544,1,25.2400884377434,28.3456822026397,23.6872915552953
1,47.35375817847,0,27.5550272674274,36.5907900188451,23.0371458917185
1,45.533219024034,1,27.3911836021745,26.9902614517541,27.5916446773847
2,43.0765109748075,1,17.857700672463,20.5076561651805,16.5327229261043
2,45.2071247380725,0,21.4037982696936,25.6190393951076,19.2961777069865
2,42.5046415237769,0,16.7463447958861,24.2184114071436,13.0103114902574
2,46.0354856837442,0,17.349066683534,24.7373413286765,13.6549293609628
2,48.8896963517244,0,17.8950037647982,28.7866574098105,12.4491769422921
2,46.1616187539364,1,19.5593682683552,22.4521231444723,18.1129908302967
2,44.2686708381404,0,15.792624893871,20.4714514424189,13.453211619597
2,44.5399655392827,1,18.3908047717064,23.5637298921799,15.8043422114696
2,46.3300280982419,1,18.9924523585167,21.7738198672409,17.6017686041545
2,43.1998550673552,1,18.4996578278951,24.1819310103051,15.6585212366902
2,45.2772126934733,1,17.2739278003706,21.5785667472948,15.1216083269085
2,45.7838513534136,1,19.5054650194082,28.0534143350877,15.2314903615685
2,46.7069147294195,0,19.9860584636299,29.2946079077972,15.3317837415462
2,43.5612386473565,0,22.4304108707661,31.3869347075194,17.9521489523895
2,45.1102711054654,0,20.0348163795517,29.3309799239745,15.3867346073403
2,48.0836537905067,1,39.5799309867331,56.99767336328,30.8710597984597
2,45.4584848442205,0,18.2917690572738,32.0795258309276,11.3978906704469
2,42.801043221624,0,19.6905198583657,28.4422943701838,15.3146326024567
2,46.2302881209333,0,20.8106450150662,27.3388224535289,17.5465562958349
2,47.5575175153368,0,19.5283296724419,24.1319038050378,17.226542606144
2,48.8145543925964,1,19.9300654866903,26.275817328221,16.757189565925
2,46.8252973060006,0,18.7218225733931,25.5780560448568,15.2937058376612
2,44.2242170963621,0,17.7991359889776,22.9115925955831,15.2429076856748
2,43.3643635328023,1,16.9430143011705,23.2417089703831,13.7936669665642
2,46.5171040176135,1,17.3811151406942,21.571826801472,15.2857593103054
2,46.6516660240294,0,17.8550416393156,22.5006488477225,15.5322380351121
2,44.5764052355366,1,19.9644769669645,26.5750679517652,16.6591814745641
2,48.4738787069736,1,17.7096721670288,20.0896882969598,16.5196641020633
2,51.1305306366184,1,21.7232381006168,25.1901961269375,19.9897590874564
2,48.1135214474055,1,18.1278174319304,24.0307128815386,15.1763697071264
2,44.1113728378078,1,19.0684998720246,20.4490957172043,18.3782019494348
2,51.0226304095882,1,18.315913559574,25.9256711340924,14.5110347723148
2,43.3967906798651,0,16.4979344769189,22.5232745161424,13.4852644573071
2,50.3204683779255,0,22.2328048717362,28.9438231030073,18.8772957561007
2,46.855057236879,1,20.6074282970445,24.3866490664252,18.7178179123542
2,49.607801209087,1,19.4730492453059,27.7652608909882,15.3269434224648
2,47.7938647900645,1,18.2887163724418,26.6800713392009,14.0930388890623
2,48.133177284261,1,23.9420219133299,26.0822345381495,22.8719156009201
2,42.6560182242308,1,15.0163598728717,20.950320241517,12.0493796885491
2,44.0036376843715,0,20.7694204820505,22.5807329763357,19.8637642349079
2,44.7384381320824,1,15.4627222885207,21.3655669456938,12.5112999599341
2,40.6895320521101,0,18.8574358362824,23.8328334156398,16.3697370466037
2,44.9908401153234,1,16.2421931838834,24.7765510639277,11.9750142438613
2,47.09591068275,0,20.6018441209551,24.5417232755144,18.6319045436755
2,47.7164196182798,0,18.0242360371162,21.0887109414296,16.4919985849595
2,42.7401633163792,1,18.8456058325362,27.0624995366702,14.7371589804691
2,45.8751411688233,1,18.6348648834385,24.1288612410765,15.8878667046194
2,44.8800848855657,1,21.729469867818,25.155199500196,20.016605051629
2,50.4270894759009,1,28.4399659356162,31.260001396515,27.0299482051668
2,47.2424170564901,0,16.139325567536,18.9918161241738,14.7130802892171
2,45.8344731071771,1,19.3363578649504,21.8107371249195,18.0991682349659
2,45.4560280565066,0,18.8187507175358,21.6570020406385,17.3996250559845
2,46.6040913482295,0,18.7791777812899,23.708474291326,16.3145295262719
2,48.3125531588475,0,19.8957806380429,21.8201105722389,18.9336156709449
2,44.0662555907344,1,19.5245796451966,27.1474980753661,15.7131204301118
2,45.8247106602316,1,19.3845065196919,25.8596884786713,16.1469155402021
2,46.9876664149038,1,20.3500550021624,23.9495918711113,18.5502865676879
2,47.3664959209627,0,26.960994599771,28.4221687757495,26.2304075117817
2,51.2064796926305,1,23.5943594206683,27.0424302977187,21.8703239821431
2,49.8136643157951,0,24.7954141848194,29.9911363349252,22.1975531097664
2,46.5615549574293,1,25.8009380008124,28.2775201867688,24.5626469078342
2,49.6610452711981,1,20.1275642214927,22.0792256475001,19.1517335084889
2,47.4722676020403,0,23.0002182050819,21.7666454826126,23.6170045663166
2,45.5771856321127,1,20.9986968409603,22.3765911770877,20.3097496728966
2,49.6684279280074,0,21.622426612167,24.574601546153,20.146339145174
2,45.5258814450927,1,20.5558663865365,27.5994777725385,17.0340606935355
2,48.8532910967395,1,22.6700483865047,24.4416628722505,21.7842411436318
2,43.7585934790237,0,19.2566457367867,20.8825535014498,18.4436918544551
2,46.9677540193036,1,19.2146641755811,21.5237392796577,18.0601266235428
2,45.2651049952193,0,22.7098804282345,26.3038788644824,20.9128812101105
2,46.2287951085761,0,22.5403737673068,28.6545633069273,19.4832789974966
2,42.7855672166441,0,21.8832635936298,22.501159184423,21.5743157982332
2,44.7603307556435,1,24.0050161840815,24.4386633938561,23.7881925791942
2,44.0721837785319,1,24.3054942195902,24.8072222393499,24.0546302097104
2,54.6343070828458,1,22.6311190618313,23.9312119888704,21.9810725983117
2,49.7509612517612,1,22.392600309904,21.2610501713397,22.9583753791861
2,47.5941618113099,1,20.7455669207136,25.3616970930978,18.4375018345216
2,55.3685520309236,0,23.5718798934654,26.596022131365,22.0598087745156
2,48.5906367564537,0,22.7879185148796,30.2533380796496,19.0552087324946
2,57.3036901220604,1,26.2880818750178,27.3910394096726,25.7366031076905
2,53.7817565042977,1,30.4265139228786,35.132535742335,28.0735030131504
2,48.6552884191943,0,19.6261744270953,21.9070533788076,18.4857349512392
2,50.7491991145758,0,21.9329998878163,20.5779759889096,22.6105118372697
2,43.543784752753,0,20.7049520127434,25.800657104853,18.1570994666886
2,48.6554276810555,1,19.5229114990633,22.6529656494518,17.957884423869
2,47.6293968777746,1,19.3365521803689,20.5234127779866,18.7431218815601
2,44.9234736025486,1,20.4446927181018,23.2047232604344,19.0646774469355
2,51.1578430501579,0,18.9784477971259,19.2814536537915,18.8269448687931
3,52.8584656622466,0,24.9213598586175,28.8861405890448,22.9389694934038
3,43.7142515456489,0,19.8444716008765,24.4312175979447,17.5510986023423
3,45.1279557509704,0,32.2043874132778,36.1456811448302,30.2337405475016
3,49.9513606385515,1,27.5466262935146,27.2981583874598,27.670860246542
3,52.3976699462053,0,19.9549817430319,25.7782536411054,17.0433457939952
3,48.1975867554367,0,26.4730983148055,31.6133563768837,23.9029692837664
3,59.7891289137868,0,25.7390462584868,20.532982299581,28.3420782379397
3,51.8939096630469,0,21.1061632578148,25.8527626198212,18.7328635768117
3,51.4861370098093,1,24.4691786955498,26.6504141967702,23.3785609449395
3,48.5325795808801,1,23.5708986746286,26.098982650773,22.3068566865564
3,50.5469301294135,0,25.4343933754202,27.8524991003284,24.2253405129662
3,51.5341971627553,1,26.4828740611137,32.3900111323148,23.5293055255131
3,48.5489272355303,0,33.3065821960875,39.2277365839556,30.3460050021535
3,52.3730585263358,1,24.1158000348572,18.5095354669845,26.9189323187936
3,50.4111238649342,0,24.8993922107278,29.5822827118081,22.5579469601877
3,49.8948961667004,0,29.7614447547766,37.75542962336,25.7644523204849
3,49.5606532437448,0,27.4013278147278,28.1360317054593,27.033975869362
3,49.8524118966979,1,24.3993473757349,26.7835072013864,23.2072674629092
3,53.1739889324962,0,33.8332868492126,38.958412797761,31.2707238749383
3,55.902690843183,1,35.7748728629953,36.6456227873187,35.3394979008336
3,53.8592339143159,1,35.5158963815306,37.4889660763598,34.5293615341159
3,48.2683379307045,0,27.8997898528001,27.6971894982892,28.0010900300556
3,56.2735503383916,1,26.1493551163749,26.4177857622158,26.0151397934545
3,54.3075261463562,0,33.8054131919172,35.6271786166603,32.8945304795456
3,44.24916072899,0,29.7483485185239,31.2099676499321,29.0175389528198
3,51.5823635707441,1,27.9352175244268,32.6506780922339,25.5774872405233
3,50.3003474793397,0,25.4922101390614,23.3696352458699,26.5534975856571
3,52.3155755082664,0,25.0877023176075,22.9949337918785,26.1340865804719
3,48.6589478754323,1,21.7846849270674,19.097189340825,23.1284327201887
3,49.7043644280713,0,29.0127123609214,29.4037889427721,28.8171740699961
3,48.0184663467201,0,29.3783055173047,29.3367619473221,29.399077302296
3,55.4659015290412,1,36.9006455847632,40.0452410329283,35.3283478606807
3,53.4837391868441,0,26.0171815585292,22.1080203668805,27.9717621543536
3,47.6167078277254,1,29.7807103950616,27.4466084182815,30.9477613834516
3,42.4841133566192,0,23.2830483596788,25.2376573502248,22.3057438644059
3,53.396055538085,0,30.9592040356693,25.1162915872137,33.8806602598971
3,48.8708222135071,0,29.2932824620402,31.0439163827177,28.4179655017015
3,49.5609889082157,0,25.2510310973707,24.9676917509354,25.3927007705884
3,54.1888915281483,1,27.7435377651206,25.3613602336084,28.9346265308768
3,54.7599993586403,0,34.2843716259015,38.1354713265769,32.3588217755638
3,52.6038077947237,1,32.3051385109006,35.3663399733397,30.7745377796811
3,47.6173335523732,0,32.1796176027314,32.7184993338245,31.9101767371849
3,48.5359272515456,0,27.6458715900962,28.1777791030359,27.3799178336264
3,48.9859573295542,1,24.5715571009807,22.688019282079,25.5133260104315
3,52.7232056318842,1,30.1344588107673,28.9630339285362,30.7201712518828
3,48.6623550802304,1,33.0720252616692,35.6816878703458,31.7671939573309
3,46.4003376989931,1,26.6022878252067,23.0760487681246,28.3654073537478
3,53.0814372715569,1,29.1165410514603,28.2116828207316,29.5689701668246
3,40.7627901728545,0,22.3422727040066,22.8309657369172,22.0979261875513
3,49.3037782474434,0,33.138143291103,35.2781693335998,32.0681302698546
3,47.3961934844428,0,19.7345491938288,21.1049617949386,19.0493428932739
3,42.2422191080197,1,19.736089905267,18.4978827978858,20.3551934589576
3,46.1979491536245,0,26.9297058263676,28.4601437784973,26.1644868503027
3,45.5826035741058,1,31.4856198436993,33.7430015905828,30.3569289702575
3,53.1609382543763,0,27.0321777237393,27.4142194067613,26.8411568822282
3,46.1015032642508,1,22.3959669212659,26.6707341820418,20.2585832908779
3,50.786957539225,0,39.0671655718844,46.7699746559658,35.2157610298437
3,47.0314779547202,0,24.2693148838286,23.6504544273415,24.5787451120721
3,44.4752940639642,0,28.7208496029124,31.485666925577,27.33844094158
3,53.6873360008657,1,29.6568838480092,26.6572804172652,31.1566855633812
3,57.0267987373741,1,36.7552929206046,35.2635100158283,37.5011843729927
3,50.8470300169733,0,30.1454592954473,25.8866911291748,32.2748433785836
3,44.0355076395285,1,26.7376501460122,29.420771208705,25.3960896146658
3,42.9927607599025,0,16.7217662666973,18.4289159127647,15.8681914436637
3,45.4794130308269,1,28.0259215685764,34.2207193511741,24.9285226772775
3,53.0035726133266,0,29.2329079513362,28.323159351102,29.6877822514533
3,54.4141329104988,1,31.1098715623755,29.654503361596,31.8375556627652
3,46.3672289255222,1,33.3958441568503,33.5365642266116,33.3254841219697
3,57.7001857387898,1,36.2887551455615,39.1274372498823,34.8694140934011
3,54.7116164722442,0,34.927174067663,36.7724754561838,34.0045233734025
3,45.6553017098561,1,29.8742246436613,35.4744155302935,27.0741292003452
3,44.1574362321396,1,31.9555230811482,36.4714157886799,29.6975767273824
3,51.5464323214184,1,36.1889133827318,36.0449760219027,36.2608820631464
3,54.5455125706762,0,33.0556018861298,36.5653268275998,31.3007394153949
3,46.6399796719239,0,20.4180793675563,24.0323974812106,18.6109203107292
3,49.2621494711468,0,31.1241289772717,29.6459577519624,31.8632145899264
3,52.5391599798899,0,37.911865768117,35.448770452785,39.143413425783
3,46.351976684186,0,25.8980528880733,25.937313789587,25.8784224373164
3,43.6759539876728,1,31.3646917335055,32.388931798243,30.8525717011367
3,48.2885682136286,1,25.2746057256558,23.5355086844815,26.144154246243
3,48.0353912831112,1,29.7604852994341,27.1151744005301,31.083140748886
3,52.5270336314391,0,32.5455090779649,31.9591453720536,32.8386909309206
3,59.0533957504237,0,38.1853499731985,37.8833750901542,38.3363374147207
3,52.1853057087948,0,24.9609893529871,15.489540954727,29.6967135521171
3,49.4515681059057,0,29.9267596174486,35.5466458251757,27.1168165135851
3,51.2919507149354,1,35.4125415312795,37.1341263725394,34.5517491106496
3,45.7767134361665,0,23.1875604667361,24.2259653489229,22.6683580256426
3,49.339205530387,0,32.7709400430368,36.2854734314587,31.0136733488258
3,44.9680970854225,0,24.1003244212297,21.6000325030781,25.3504703803055
3,44.6808398198878,0,27.6569459108465,30.4671536885457,26.2518420219969
3,51.4927675693115,0,31.4693096632545,29.9077491665826,32.2500899115904
3,49.6813455281973,1,25.1673807887501,25.8204788044795,24.8408317808854
3,53.8198169416499,1,30.2145078394228,29.9214828338671,30.3610203422006
3,51.1698681354079,1,31.4536318948324,28.5397731284835,32.9105612780068
3,47.5347418206887,0,28.6278459167348,19.3674778138829,33.2580299681608
3,45.9283874885904,0,32.0685054751602,32.0748038447896,32.0653562903455
3,52.9273365389083,0,24.2523595091569,26.9325184701743,22.9122800286482
3,55.1285398625844,1,33.3424342700887,32.0793833280391,33.9739597411135
3,56.2618803074835,1,36.3920897474452,34.1198235513978,37.5282228454689
3,51.484610821481,0,31.9096882270068,29.7516379567619,32.9887133621293
3,47.5973940954678,1,36.5058105084062,34.3849732774135,37.5662291239026
3,53.8321558089952,1,33.1260825606855,32.0401403248986,33.669053678579
3,59.1540354149938,1,34.1515728034202,32.3782217885969,35.0382483108318
3,44.0878192224274,0,23.5305053588436,23.5000221408785,23.5457469678261
3,49.22522759618,1,33.2144277125402,38.5610162257938,30.5411334559134
3,47.34661665212,0,30.3688109753665,24.5445519660919,33.2809404800037
4,51.9190740395078,1,17.9302944039817,23.0272281798799,15.3818275160326
4,46.6792526703221,0,13.2778781313404,18.1186545867927,10.8574899036143
4,48.2184886122822,1,15.8787745343258,15.9659179708751,15.8352028160511
4,46.0051045295205,0,16.6803313609952,19.6004987125902,15.2202476851977
4,49.8139947948009,1,12.5064157086898,15.5563763705045,10.9814353777825
4,46.1558845234708,0,15.5814647410448,21.9407906008865,12.4018018111239
4,48.7905497319737,0,14.0727361923215,19.664189046033,11.2770097654658
4,43.759603589428,0,18.0724239149114,26.9247958018366,13.6462379714488
4,45.7433904393225,0,14.8373237978345,13.2432467581268,15.6343623176883
4,45.2335410585879,1,10.1542775116507,13.8106066602527,8.32611293734962
4,44.4387042820845,1,12.4380546597306,16.525540451881,10.3943117636553
4,45.1234226804791,1,11.6069876222333,13.9807815924529,10.4200906371235
4,47.4877666636889,1,13.3036770820219,16.4362613732349,11.7373849364154
4,47.2916722635577,0,16.2258871570547,17.3031876478056,15.6872369116793
4,45.8931364191557,0,12.1189651509978,10.4303706923047,12.9632623803444
4,46.7669891156076,0,13.1982670253167,16.1339037586001,11.730448658675
4,46.4575984656272,1,12.1882264308938,17.5021478337723,9.53126572945465
4,46.7548876418928,1,18.3615437123866,26.2702489794163,14.4071910788717
4,46.1387101943625,0,12.9033662699188,14.3942991539796,12.1578998278885
4,46.7373598536074,0,13.584322156381,16.7183591319543,12.0173036685944
4,45.8736711597759,0,16.0805912492189,22.1843196502203,13.0287270487183
4,50.3797978822135,1,22.7697858005789,22.6455835965731,22.8318869025818
4,45.5161502654218,0,16.1131691062858,17.8592312498378,15.2401380345098
4,44.9199521771812,0,13.6299745098027,13.5183192643673,13.6858021325204
4,47.5567371683906,1,13.7124158724542,15.4585916807562,12.8393279683031
4,47.4464857618949,0,15.5114461773168,18.7573705242739,13.8884840038382
4,48.7433296348792,0,11.6949448292103,15.882458314964,9.60118808633348
4,44.1004288881544,1,12.8334427359363,17.0579183572877,10.7212049252607
4,46.3466380665508,1,16.5800708124055,21.0723291853441,14.3339416259362
4,45.3087082199187,0,11.1866973529414,16.7686870345369,8.39570251214365
4,46.4191701444431,0,21.5631666989906,24.4005209405578,20.144489578207
4,47.8699175060901,0,14.2981810857473,16.7248032332793,13.0848700119813
4,45.4095658087534,0,12.5404923459294,19.6707232019495,8.97537691791927
4,45.7416762022451,1,15.0106536328031,15.2531014629384,14.8894297177355
4,43.4031500601977,0,13.76210208101,15.8696741452849,12.7083160488726
4,42.7955961690054,1,17.8424837429295,23.4565287138011,15.0354612574937
4,46.3242605929499,1,15.6996848334473,16.7953449778439,15.151854761249
4,46.6154143051773,1,11.6631051390195,12.1747461922997,11.4072846123794
4,45.2914539260092,0,17.2270630670349,24.3279877468852,13.6766007271097
4,44.2782663070402,1,20.1631356711153,26.2871746310331,17.1011161911564
4,44.9901641532549,0,15.0387653442856,18.0626412170544,13.5268274079012
4,46.6697200384323,1,21.3013224922799,29.7574613887823,17.0732530440288
4,44.9662791159308,0,18.133121711639,20.1247968200472,17.1372841574349
4,43.911090746465,0,21.7173724374239,27.5496590230813,18.8012291445952
4,49.1182695043358,0,16.8677673634723,19.489436964876,15.5569325627705
4,46.4702826811533,0,19.5574747896211,23.915934697077,17.3782448358932
4,42.3251521855347,1,14.1256141647861,18.3308430625996,12.0229997158794
4,43.8650125316643,1,20.0560850451707,23.3555729734472,18.4063410810324
4,48.3176720164718,1,19.6941328095583,24.5320817286179,17.2751583500284
4,46.7436946675094,1,15.65585030256,19.449080768048,13.759235069816
4,46.8819807507923,1,17.0235606300187,16.5060836382775,17.2822991258894
4,43.1227443595845,0,14.2840884603601,12.9860737067039,14.9330958371881
4,47.0223584803304,0,21.1606978362757,22.9911148717244,20.2454893185514
4,42.5162339476831,1,19.936566554732,27.9808331804883,15.9144332418539
4,43.8942122784653,1,13.5899015188577,16.925876752009,11.921913902282
4,45.013544229273,0,20.1017021869068,26.8923066709084,16.706399944906
4,46.0389303244853,0,18.7213759437943,22.8226713682596,16.6707282315617
4,46.7485782379137,1,16.2046077958159,18.2549776802363,15.1794228536058
4,46.8597256725454,0,21.6310931885205,24.9907093647634,19.951285100399
4,46.1711018021233,0,18.5499520466625,27.8831515277561,13.8833523061157
4,43.8733752379556,0,14.39501876019,20.0458437424771,11.5696062690465
4,47.7741682187027,1,15.1859428629691,13.4846901817151,16.0365692035961
4,46.096514002413,1,17.571493513017,21.0111379383043,15.8516713003733
4,48.6982060561544,1,21.5390344155655,25.6911582574978,19.4629724945993
4,46.5386966752377,0,15.043279490645,19.2513135614839,12.9392624552256
4,43.0092538755737,0,14.0436315421232,20.8744545374477,10.6282200444609
4,44.3769661496845,0,18.7097611090765,22.4787270685855,16.825278129322
4,47.2833754220089,0,17.5542902765081,21.4786001336525,15.5921353479359
4,45.5439140394209,1,20.9406218569947,21.233334611448,20.7942654797681
4,47.8261951514389,0,20.2464445235256,22.5540836450928,19.092624962742
4,44.5291345687801,1,13.0776487311889,16.9281638539822,11.1523911697923
4,47.2468104289756,1,17.8918446222659,22.1990558274849,15.7382390196564
4,49.0437099165462,0,19.1853479241011,19.4176502642227,19.0691967540404
4,46.1923316380222,1,16.6397623334801,19.939763426063,14.9897617871886
4,47.1002065463133,1,25.096685498552,29.6687326505186,22.8106619225687
4,51.9540358416601,0,18.9967957007185,20.5026720479976,18.243857527079
4,45.0877108785225,0,20.161784859313,23.067639383922,18.7088575970085
4,46.061033951683,0,20.06702861011,21.1932710053508,19.5039074124895
4,42.1264325121699,1,15.3546931529155,19.060500803628,13.5017893275593
4,46.8639256436175,1,20.3462583719762,25.5339965875966,17.7523892641661
4,46.2091642514867,0,19.1489424944477,19.1003988298985,19.1732143267223
4,57.0994496208192,0,27.5313826403828,24.979289417973,28.8074292515877
4,47.2190068379587,0,23.870869695936,28.4506071976997,21.5810009450542
4,45.9627933548637,1,22.6679730507311,30.0111456887003,18.9963867317466
4,47.6552992240795,0,19.0327978514022,22.1343679844362,17.4820127848852
4,47.7924480774366,1,17.5453436593983,20.0684003066387,16.2838153357781
4,57.6190766037794,1,21.1056569574012,21.3151999154673,21.0008854783681
4,45.1066994510186,1,16.7602132288774,17.6371257288546,16.3217569788887
4,52.8816807133987,0,20.5398035748445,20.9147376378776,20.3523365433279
4,42.753282845846,0,13.3125775730272,20.7900260703141,9.57385332438372
4,49.7912362406437,1,16.1581315278035,21.1159205260913,13.6792370286596
4,45.2789985388328,1,19.6285504622618,26.0820159008403,16.4018177429725
4,48.8326562408597,0,22.9669066287595,23.7767544788779,22.5619827037002
4,48.8925445098389,1,12.7375505601028,16.6389977344217,10.7868269729434
4,47.6580437482342,1,18.0533151800882,21.4478985473701,16.3560234964472
4,47.4864374709252,0,15.1996251725605,16.3159827450366,14.6414463863224
4,49.7482068328002,1,17.9677095507633,14.8312092408411,19.5359597057244
4,45.4697040035985,0,21.5118830533213,23.010154910286,20.7627471248389
4,48.6468112293371,1,17.5477435405687,21.9106760374129,15.3662772921466
4,47.5550606439256,1,23.2832865720558,27.9278737795059,20.9609929683307
4,47.8223311174565,0,14.6637508629612,19.6488145756945,12.1712190065946
4,48.1788468330131,0,15.5586998098368,17.5971664429466,14.5394664932819
4,44.6744747969649,1,15.6539971916658,20.2587402272288,13.3516256738844
4,43.7926218469149,0,18.9523963444468,25.3408453277931,15.7581718527737
6,49.1498921973227,1,21.8513530396689,28.3481506718332,18.6029542235867
6,44.2186340498247,0,21.5785104053929,29.555020393109,17.5902554115349
6,49.5534480001223,0,23.2644230342388,26.0791952803289,21.8570369111938
6,46.4293311100218,0,22.442741922952,24.4691469636332,21.4295394026114
6,47.6153051817996,1,20.7646741055288,27.2620412267654,17.5159905449105
6,47.2946528302309,0,20.4988160385573,24.7379673133782,18.3792404011468
6,46.3365193255933,0,24.8242106087521,26.4110756104067,24.0307781079248
6,45.2138198306816,1,23.7420819099649,29.896887982987,20.6646788734539
6,49.4528232640885,0,22.8627662417143,29.7905691598384,19.3988647826522
6,44.9404116781506,0,20.1263068792271,20.4996976379441,19.9396114998687
6,44.8909200556836,1,24.5208356836604,29.0393807294364,22.2615631607724
6,47.1162014604215,0,21.6859996419132,26.5572322514561,19.2503833371418
6,44.4288029191764,1,19.95835844252,24.5050472387594,17.6850140444003
6,46.7430615689647,0,16.822153447471,20.1373514677367,15.1645544373381
6,46.2824796007344,1,21.1708976959835,25.6035037975541,18.9545946451982
6,42.9989435429896,1,20.748947585185,26.2144879882515,18.0161773836517
6,47.1419174423453,1,25.7585310288656,27.6912475514821,24.7921727675574
6,45.3684071654341,0,22.3290896364579,26.7209522806784,20.1331583143477
6,43.4216672608443,0,21.1832428787938,24.0804591534737,19.7346347414538
6,47.3798220561805,0,19.0642284712482,23.9627843907159,16.6149505115144
6,45.72891679231,0,19.1082870779742,24.960728964603,16.1820661346599
6,43.8918473987258,1,24.069118240848,25.331173420942,23.4380906508009
6,45.1302235634791,0,21.162767161517,24.8391680039411,19.324566740305
6,46.3884941077356,1,19.0783830432372,23.3341535274038,16.9504978011538
6,48.256915788843,1,21.535564098884,24.8030960065853,19.9017981450334
6,46.7015021526333,0,23.3470692561084,27.2850919803912,21.378057893967
6,44.9665149676854,0,18.6657964444633,21.6837620249826,17.1568136542036
6,41.2880342675681,1,19.1580789089724,24.0340030052369,16.7201168608401
6,48.000131984462,1,19.4454178653394,21.1427217920452,18.5967659019865
6,46.3514675594471,1,20.8798203145722,23.0403937505799,19.7995335965684
6,45.3952497389019,0,21.0130858715955,23.8695642080883,19.5848467033491
6,43.6945509122325,1,28.7435729937469,28.9022459316733,28.6642365247837
6,45.6400939625073,0,21.8012114889391,23.6288073453421,20.8874135607376
6,45.7644505708615,0,22.3147901993931,27.4622450267669,19.7410627857063
6,42.6745830798433,0,19.3969701149745,22.6427547123977,17.7740778162628
6,45.3425741205609,1,19.0409429229408,21.0642208457032,18.0293039615596
6,45.5597906852675,0,21.3809186093274,23.162133778689,20.4903110246467
6,43.9249246858589,0,25.7913368395302,25.5729644565963,25.9005230309972
6,43.3481960078447,0,22.9056921782313,24.204035987079,22.2565202738074
6,45.6973715068666,1,21.2507685724447,24.0061312851079,19.8730872161132
6,44.7001132786485,0,22.1346770298363,25.5182988864513,20.4428661015287
6,46.6308616548443,1,22.2028716822383,23.4234677485182,21.5925736490983
6,44.5321413507531,1,20.2155947136987,23.5087609126496,18.5690116142233
6,45.6582959918225,0,30.8351393656098,33.5977678403169,29.4538251282563
6,48.9699692415703,0,22.1825881250886,24.1544211278697,21.1966716236981
6,44.0018037819237,1,20.8967454685497,23.5558727155048,19.5671818450721
6,45.2948965613549,1,20.2285178657185,20.1321166810174,20.276718458069
6,45.9322649269652,0,16.1323047940697,19.7125409949643,14.3421866936224
6,44.3893679152387,0,19.5629172109998,22.8730053292443,17.9078731518775
6,45.9843333441727,0,25.3316443313656,30.4597099110564,22.7676115415202
6,42.2416916836474,1,19.1887661460276,23.0869912287698,17.2396536046566
6,42.0654525178134,1,21.1606571232721,21.3889862854268,21.0464925421947
6,46.2336704711395,1,20.7118971320047,23.6904198851653,19.2226357554245
6,43.8588711411655,0,23.9500879308687,25.2587514292156,23.2957561816953
6,45.3458050739968,0,22.3650096826012,23.1526061487586,21.9712114495225
6,44.9658254224706,1,30.0754580654229,30.9659395385519,29.6302173288583
6,46.2156407456305,1,26.3217721534151,25.7863453078763,26.5894855761844
6,44.5628359573891,1,24.8859895897012,26.0982022993263,24.2798832348886
6,45.3085127154715,0,24.3368423461572,26.6245397216434,23.1929936584141
6,44.4339083838951,1,19.1152425652011,19.9660444367291,18.689841629437
6,45.6054442311053,0,17.6934856322888,21.6252587954851,15.7275990506907
6,46.2309982181252,0,20.0417672335278,24.4059954170158,17.8596531417837
6,44.1113091618664,1,20.0363731930397,23.6390190599252,18.235050259597
6,45.3171899002762,1,20.7000157546308,20.5359484051951,20.7820494293487
6,46.0889276141595,0,21.1002635717138,23.9944902306688,19.6531502422363
6,45.9826805526589,1,22.7574873095179,23.7754658408754,22.2484980438391
6,46.0396486306838,0,21.8638462382396,20.3057840953235,22.6428773096977
6,49.3215421611788,0,19.7072906611948,21.9614708735186,18.5802005550329
6,45.2437538794482,0,19.6682282204204,23.3295401278611,17.8375722667001
6,44.8569230280777,1,21.1070021544395,23.9996748983519,19.6606657824833
6,43.0769022637292,1,27.0157216243845,29.4291793758375,25.8089927486579
6,45.258414839313,0,23.8973888839548,26.1012996735964,22.795433489134
6,41.9060989726474,0,22.3529969216952,23.7536301767805,21.6526802941525
6,44.0257962122021,0,21.7301289031866,22.05638577171,21.5670004689249
6,44.059685091965,0,18.8601084921898,18.2467787317267,19.1667733724214
6,42.8419692263681,1,20.5859943092348,20.9128783074469,20.4225523101288
6,42.0679924254243,0,24.292175842505,23.4928806031943,24.6918234621604
6,44.9622607491335,0,21.2730063441802,21.5128587039147,21.1530801643129
6,45.9194135156413,1,21.2712091322013,20.7502393646369,21.5316940159836
6,46.4860272476636,1,18.583533517875,19.5467857296743,18.1019074119754
6,48.6034240886701,1,34.8592251283392,40.5090906317562,32.0342923766307
6,45.7725526115932,1,20.5060344650321,21.1083840649957,20.2048596650503
6,43.3662148906312,1,20.1558453123728,24.3520993973086,18.0577182699048
6,43.8036268356103,1,21.6231102293825,20.3633651039286,22.2529827921095
6,42.0668701211129,1,22.9491248090076,22.0839700883217,23.3817021693505
6,45.0810033511364,1,20.5878454242164,25.5841088350139,18.0897137188176
6,45.8816545595987,1,23.1719839179584,25.6291332567597,21.9434092485578
6,46.1231962525858,0,20.6676297391255,23.6439382740843,19.1794754716461
6,43.0449652802062,1,23.1559234047116,25.4610471336007,22.0033615402671
6,44.2165553410697,0,18.7094288572393,20.5334068558393,17.7974398579393
6,46.1486126372666,1,20.2035581841664,21.8290726936206,19.3908009294394
6,43.4983132094791,0,21.2462896327182,23.7030971988776,20.0178858496385
6,45.3619207896755,0,21.8399900462338,26.4247156424557,19.5476272481229
6,43.8870185326944,0,24.4467490462585,22.0452846479819,25.6474812453968
6,43.1039101124104,0,19.8779555092719,18.7172825277886,20.4582920000135
6,49.78900403093,1,23.948987147561,20.6775068562779,25.5847272932025
6,47.6776502800368,0,27.4016403256838,23.3865387290595,29.4091911239959
6,45.4658408215251,0,20.9068311831206,26.2615175504815,18.2294879994402
6,44.843681650984,1,23.6593263422237,26.39790932437,22.2900348511506
6,43.226797349275,0,23.7225528601532,25.1753161214024,22.9961712295285
6,44.7717793330142,1,22.0232149470455,27.4946819528503,19.287481444143
6,44.2446262160585,1,19.3404442994526,23.1055873202065,17.4578727890757
6,45.1740879869089,0,20.856322464923,23.0253912480923,19.7717880733383
6,42.2674423734562,1,26.9396884090353,28.695220500909,26.0619223630984
6,45.7557470541637,0,21.3789261401426,27.1631467600422,18.4868158301928
6,43.8345588905457,1,26.4174381371367,28.9316324520996,25.1603409796553
6,43.9862338961771,1,25.1458907602775,25.2977890632649,25.0699416087838
6,43.6377801686774,1,21.5190150379315,21.3367434832131,21.6101508152907
6,44.7866370259547,1,19.929975149097,21.937230295213,18.926347576039
6,41.7047091590559,1,20.808438796184,22.4985052991906,19.9634055446807
6,44.4478852510961,0,21.1140416898266,23.2602102539661,20.0409574077569
6,43.804437899639,0,19.5438406902747,22.9519923542627,17.8397648582807
6,42.6077103597582,0,19.76546924499,21.2108606322573,19.0427735513564
6,43.6158248026277,1,22.9218721742709,20.9192314274358,23.9231925476885
6,45.231757193434,0,20.9053628777623,22.3947055945328,20.160691519377
7,51.0003712145094,1,29.4041065084626,36.3290547438232,25.9416323907824
7,50.4309601268698,1,27.7829015817678,36.6855793249545,23.3315627101745
7,54.1079611840753,1,25.872432085448,35.4344905926452,21.0914028318494
7,54.2028008218278,0,26.4502684803968,34.5020231500864,22.424391145552
7,61.8523593537413,1,29.7914967970827,32.8357170754743,28.2693866578869
7,51.2302652792617,0,23.4388416007875,31.6924140141438,19.3120553941093
7,47.8352742449436,0,22.1032878952766,33.6682021645223,16.3208307606538
7,51.1944049887044,1,26.3737778981207,38.1725257190082,20.474403987677
7,51.5783831148794,1,24.5472683178028,34.8179902279928,19.4119073627078
7,52.5036331489506,0,31.3911526022139,41.091363000321,26.5410474031604
7,49.5640833492516,0,24.2822109054679,36.5738857615131,18.1363734774453
7,52.1946536621399,0,24.287074744932,32.4415621180564,20.2098310583698
7,53.0478588414887,1,28.3522780784259,36.1615122257853,24.4476610047462
7,55.6170965789431,0,28.1870194728444,33.5461946233112,25.507431897611
7,52.2156966178981,0,22.8839156738642,32.3572316800429,18.1472576707749
7,49.7863712192443,0,22.7742849215596,33.1601427020557,17.5813560313115
7,50.7285352070589,0,27.3544752871702,36.4452823444953,22.8090717585076
7,55.3714427520306,1,34.7550400908788,41.1875946001048,31.5387628362658
7,53.7957669284354,1,24.2695957335497,33.9079801095678,19.4504035455406
7,50.0899349793566,0,26.6886821826611,38.3000144514432,20.8830160482701
7,47.39831912791,1,23.3305003788298,32.0740386695273,18.958731233481
7,50.5200788243104,0,23.9345595442619,31.864865257012,19.9694066878869
7,50.9684868609178,0,22.6169539189078,34.1797679515086,16.8355469026074
7,54.7712173687046,0,23.0401339618176,39.7537773135133,14.6833122859697
7,49.9950010234778,1,19.4777698662219,30.0600211004407,14.1866442491125
7,52.1801684607083,1,25.3991621744772,33.6063605778447,21.2955629727935
7,51.4281015954282,1,20.4212884098527,32.6504864768746,14.3066893763418
7,53.7566755452519,1,22.3107223841416,35.6696770405551,15.6312450559348
7,53.8505537691928,0,26.2959052530818,37.9238942645015,20.4819107473719
7,53.7433978101418,0,24.9318746765718,32.3907475508165,21.2024382394494
7,52.0606044358149,1,24.1533889329569,31.2866641748673,20.5867513120017
7,47.7351253726423,1,24.8138421305652,34.6218205575294,19.9098529170831
7,50.3762516061578,0,21.6716848170706,31.8077406452446,16.6036569029835
7,50.341158564428,0,23.5335751609354,34.6295004113236,17.9856125357413
7,49.3919464336948,0,22.5368757834325,32.8129047008338,17.3988613247319
7,47.6091634469838,1,21.6717313816057,30.8419381617315,17.0866279915428
7,64.3811015041345,0,32.4661052719501,46.4046770245411,25.4968193956547
7,54.2191776287491,1,23.3913114696131,35.4767684747283,17.3485829670554
7,50.3090927223296,1,23.6853898580452,36.3519020848728,17.3521337446315
7,53.6484336382593,0,23.412805274588,37.3363030350534,16.4510563943553
7,50.9183211704219,1,26.4778699246741,37.0093252448384,21.212142264592
7,48.1308362649098,1,23.2335498050946,34.5312377513469,17.5847058319685
7,52.5433700051781,0,23.4841934485906,34.5537478722197,17.949416236776
7,51.3133256721351,1,20.9738760201113,32.145541987314,15.3880430365099
7,50.1903497151614,0,26.6908164342803,38.0133731209297,21.0295380909555
7,51.4942629684901,0,19.2814699773876,31.9875368275369,12.928436552313
7,52.6010432534475,0,24.1767752707067,36.2425498732462,18.143887969437
7,50.351371595597,1,32.6824954547975,44.3638543932332,26.8418159855796
7,52.2027918616457,0,23.4899179642298,32.8714155125078,18.7991691900908
7,59.4549158806606,1,35.5619249080098,42.1134269468866,32.2861738885714
7,49.1345485653673,0,28.4835015048956,37.8884897358551,23.7810073894159
7,60.2666559203333,0,29.9415397931013,44.5553880059551,22.6346156866744
7,50.8906890046699,0,28.9854449165376,40.2062385718848,23.375048088864
7,54.2970091889916,1,30.3915397749511,44.0052801718694,23.584669576492
7,54.364314760039,1,27.9433114257706,41.4541440271709,21.1878951250704
7,47.781089123726,0,26.4100460214396,35.7468062256876,21.7416659193156
7,50.5086620017559,0,24.818688266507,36.8989317877643,18.7785665058784
7,50.7426610472127,0,29.7055640722702,34.4489962205814,27.3338479981146
7,48.0652772917596,0,24.057720705383,36.7485491632386,17.7123064764552
7,52.1244185505929,0,28.421118230003,40.0656752323337,22.5988397288377
7,49.4257102384301,1,24.7861085851586,39.5377671789031,17.4102792882863
7,55.5990887241547,0,33.4883128097976,42.2832202907319,29.0908590693304
7,65.0408399372978,1,31.2851893227921,46.4539337217901,23.7008171232931
7,53.1322024604021,1,27.4318663787296,40.2235954531346,21.036001841527
7,50.20065047287,1,25.8722465841422,38.539364676343,19.5386875380419
7,49.4250939326947,1,26.7625524270543,41.3947261031678,19.4464655889975
7,53.3573311554109,1,28.0337338916353,37.6817625934491,23.2097195407284
7,48.6581926511271,0,27.9138542370411,38.3481762862311,22.6966932124461
7,49.720367785712,0,25.4332831905309,35.4485350059552,20.4256572828187
7,50.3780986804437,0,24.5206447331972,32.2743945300935,20.6437698347491
7,51.3239545095295,0,27.4327339673931,39.3257843390644,21.4862087815574
7,50.6275596743349,0,27.6746932169004,37.1199934487421,22.9520431009796
7,51.0199506046174,1,24.339893871862,32.4948797868866,20.2624009143497
7,50.7330576336761,0,27.2848886688419,40.1514939502925,20.8515860281166
7,51.7300070258281,1,27.6799771578464,34.1944928660894,24.4227193037249
7,47.8848874595278,0,25.5619491346609,31.9785191759258,22.3536641140285
7,54.4254974821502,1,29.1724180694708,39.9092437139776,23.8040052472174
7,50.4296017284165,0,26.1280006383576,33.8718819145603,22.2560600002563
7,58.9757713290882,0,27.3690675583894,41.360273709896,20.373464482636
7,54.2461860386677,0,28.1086516747371,39.4869191433657,22.4195179404228
7,49.0357227259796,0,28.2416025768998,34.3705875920691,25.1771100693152
7,53.7695183116633,1,35.8830855205994,38.7532382480072,34.4480091568955
7,48.5399541658348,1,26.9499306510949,33.4593311757535,23.6952303887657
7,48.8322518220487,1,31.8403946523549,38.9827713728855,28.2692062920896
7,55.6953494842087,1,24.9131294535272,38.9930091999528,17.8731895803144
7,48.330463814914,0,26.2581846352065,36.5155476999305,21.1295031028445
7,51.0213130890553,0,26.0169346793612,32.267164313685,22.8918198621993
7,46.1750158660587,0,24.068703893217,33.5775585094138,19.3142765851186
7,47.3625768682838,0,22.6626740808201,32.0656623038,17.9611799693302
7,49.2009834218516,0,28.0574806033737,36.4426457060926,23.8648980520142
7,51.810413165643,0,27.2951154241641,35.8228707604128,23.0312377560398
7,47.9060485397865,0,24.6150595244259,33.5538307269808,20.1456739231485
7,48.759723272172,1,25.8426888628027,35.8782446210011,20.8249109837036
7,45.1855534256649,1,26.3196633382556,36.5943645859201,21.1823127144233
7,51.1747675428839,1,23.7534735883899,33.4167233608136,18.9218487021781
7,48.025018044373,1,25.3573924075403,33.3384471650494,21.3668650287858
7,49.8723212384963,0,25.0431450421543,32.2408730953476,21.4442810155576
7,48.5348193673207,0,32.432488060065,35.1679460915488,31.064759044323
7,53.7547900207466,1,25.9343125553423,34.1772981825059,21.8128197417604
7,57.7416075839188,1,30.8333004029016,43.764916801928,24.3674922033884
7,47.5608101136086,1,23.2370463281966,32.6604527323975,18.5253431260961
7,48.8947537316708,1,23.3557916258266,33.3813242408352,18.3430253183224
7,47.5341640044057,0,24.0660210240407,33.3485708100333,19.4247461310444
7,52.3080439898307,0,25.4080055258167,34.132671947226,21.045672315112
7,49.837330278135,0,25.5274760155669,36.2204325914792,20.1809977276107
7,48.0539067550255,0,21.4561299842691,33.1084528305525,15.6299685611274
7,49.8800713126687,0,23.7295296319948,30.7664262124263,20.2110813417791
7,53.2713610280277,1,24.732894634097,36.4720503732833,18.8633167645039
7,46.2588652889596,0,26.6240421644739,39.0023687885146,20.4348788524535
7,44.671434558786,1,19.5852560811802,28.9333810479803,14.9111935977802
7,50.8422324187621,0,22.4987501440058,30.5632607708025,18.4664948306075
7,56.6568332271582,0,26.0471056068689,38.1104127054559,20.0154520575754
7,47.6769474523242,0,26.5618430832627,38.706806409281,20.4893614202535
7,54.1183856853777,1,25.2886346981057,37.5049605629043,19.1804717657064
8,44.2651379384663,1,28.0388762468452,26.4881094501498,28.8142596451929
8,45.9991264933572,0,24.4717735138681,27.0451552791881,23.1850826312081
8,47.3762441404919,0,27.0806194547143,27.76215067718,26.7398538434814
8,47.548321653024,1,27.0980109716647,31.4816443818137,24.9061942665902
8,43.4683659536992,1,27.6833244369127,30.7219457402718,26.1640137852332
8,45.6673033547307,0,22.4615446037318,19.6571096363857,23.8637620874049
8,44.7947894482099,0,25.6394579251534,24.4378069769303,26.2402833992649
8,45.1765558519392,1,28.6317758478164,25.6412085780792,30.127059482685
8,45.8329334005254,1,29.6825583501737,34.2289317897552,27.4093716303829
8,48.2602165945087,1,28.1055312980281,27.6561261333268,28.3302338803787
8,46.3315315120375,0,23.6269536780485,20.1467128230471,25.3670741055492
8,45.2068239694716,0,27.681753024211,25.317735118762,28.8637619769355
8,47.981358155087,1,23.8786857882302,22.7713066261303,24.4323753692802
8,44.754946225915,1,24.6286560544965,23.7467384843218,25.0696148395838
8,45.6383437263858,1,24.4192655875787,21.6505372946453,25.8036297340453
8,45.053654781781,1,27.9864071967422,30.1788408348377,26.8901903776945
8,45.98093898185,1,24.4567596987453,24.8260559414912,24.2721115773724
8,44.5284556836641,1,26.595364017996,22.4887263634999,28.648682845244
8,47.0510780925288,1,28.6847141603164,30.2541409588697,27.9000007610398
8,45.8638871487878,0,33.1050944327942,33.2663235640091,33.0244798671868
8,45.2927529567491,0,27.1402267010449,26.1371369236827,27.641771589726
8,43.475108281138,1,26.594627678073,23.6678411922438,28.0580209209877
8,45.9398091292505,0,29.6293529138545,33.7258891478717,27.5810847968458
8,46.9784166036625,1,28.7042545639493,31.682066840768,27.2153484255399
8,45.5550931001296,0,29.0121998844866,26.8310824152942,30.1027586190828
8,44.8585801490627,1,28.0625312328234,29.963906339745,27.1118436793627
8,46.253253886807,1,25.5647545530624,29.3524404247471,23.67091161722
8,47.8809308818164,1,29.2771089185543,27.9632412706589,29.934042742502
8,45.4078040592632,1,27.9410160035012,24.1648821228181,29.8290829438428
8,43.8642503594693,0,30.1127455602541,28.691180300282,30.8235281902402
8,42.8348367162542,0,27.2168000457889,21.0709106999499,30.2897447187084
8,46.7438219688387,0,26.131939449563,22.5262984825466,27.9347599330712
8,44.07077382876,0,30.2722174545564,27.829685558979,31.4934834023451
8,46.8907825216275,1,26.9235224900466,21.8863621501766,29.4421026599816
8,45.4743011152346,0,30.2536536350898,30.4608531515008,30.1500538768843
8,45.8977680557773,0,26.0224728801045,23.313643078065,27.3768877811243
8,45.9411914017801,0,24.914758987579,24.4074775698911,25.1683996964229
8,46.7639700302716,0,28.5288947810706,22.5097084448673,31.5384879491723
8,46.4202635317565,1,27.2988437746567,29.7773115331988,26.0596098953857
8,45.0814724731067,0,27.0699946174748,28.1664599360721,26.5217619581761
8,44.5593304180409,1,30.3808707452189,22.7597965468673,34.1914078443948
8,46.1296212654483,0,26.1023265084581,25.7310793537059,26.2879500858342
8,43.8530279144895,1,26.7472692685036,25.591120503011,27.3253436512499
8,47.1283406297279,0,31.9304842349263,33.1753339640981,31.3080593703404
8,49.8341775616394,1,31.1508833496184,28.5291141268176,32.4617679610187
8,45.5398263395285,0,33.3788006480336,33.080271550189,33.5280651969559
8,45.074872338769,1,33.6803484865116,29.839366679097,35.6008393902189
8,48.062703609062,1,31.1712047975257,36.1078776682493,28.7028683621638
8,44.9841618495217,0,29.4439496841609,31.5889101089712,28.3714694717558
8,46.5400412721873,0,28.7520026123824,28.734754523174,28.7606266569866
8,51.1994429807965,0,34.4910523295088,33.9068611176456,34.7831479354404
8,46.4090450747114,0,29.9098364104476,35.1212517845473,27.3041287233978
8,46.4193384276195,1,28.7389241771445,21.756294590501,32.2302389704663
8,45.4959876036385,0,31.5459886049769,32.4575775859803,31.0901941144752
8,46.647019961909,1,27.1281727844259,27.7393630338072,26.8225776597352
8,46.5081031595623,1,30.7622936683133,34.0359145946051,29.1254832051674
8,48.235342630148,1,23.5891075677428,21.3193571781536,24.7239827625374
8,48.7246036418934,0,31.9568538461748,26.1665052750603,34.852028131732
8,46.0879266955074,1,33.2543077723442,32.7726281748858,33.4951475710733
8,45.6717095835771,0,35.0467725794009,33.3771695184033,35.8815741098997
8,48.7511835652818,1,28.5902332844478,22.8892690161534,31.440715418595
8,47.4978395699085,1,30.0303576719497,25.5062601096779,32.2924064530856
8,47.5911509497594,1,36.0768477370811,30.7744528693915,38.7280451709258
8,46.1680513740534,0,28.6536524103037,22.0570931848281,31.9519320230415
8,43.3173955200226,1,34.1595095329131,34.352459325159,34.0630346367902
8,47.1858434860545,0,28.5722825561216,22.1312265841821,31.7928105420913
8,46.6203016509083,1,27.112245200638,28.6718883556886,26.3324236231126
8,50.1986391418278,0,34.5201982879382,29.5411225216223,37.0097361710961
8,43.1968911282269,0,29.8037242514009,25.7581757436087,31.8264985052971
8,45.6438030467667,1,31.2575792973494,30.1509543682738,31.8108917618872
8,48.1730213138604,0,31.1388668828455,32.0394617395083,30.6885694545142
8,45.4390849810379,0,29.3050231403499,34.4356680424898,26.73970068928
8,46.6690019662661,1,26.1021229778266,25.1135604434874,26.5964042449963
8,50.4760387235408,1,28.2427833012319,26.1867005455674,29.2708246790641
8,43.9783860761277,1,24.5099942839459,24.7373081603107,24.3963373457635
8,45.9439782036266,1,24.2305964333233,21.7410303865992,25.4753794566854
8,44.7621401403063,0,27.0740857384592,23.3182582482052,28.9519994835862
8,47.3573942168715,1,29.8202819041416,29.8064988830254,29.8271734146997
8,47.9972734752162,0,28.7774094962594,23.5110099945361,31.410609247121
8,44.1553500533377,0,29.8447153890186,31.4427314522417,29.0457073574071
8,45.272028701607,1,27.6461575238862,26.0809221046102,28.4287752335243
8,43.1230865608151,0,29.6606533874486,36.0368869758368,26.4725365932545
8,44.0161907218187,1,26.6283890913843,26.7939044938593,26.5456313901469
8,42.1544819664369,0,30.224352851872,24.9141834321206,32.8794375617477
8,47.2037183985194,0,29.3161221788718,23.8446336670578,32.0518664347788
8,44.9869478390538,0,24.5537489561218,23.7302582559897,24.9654943061879
8,43.8205804577175,0,24.1879910730791,19.5173438356448,26.5233146917963
8,45.2413100660698,0,26.8378233198669,28.8746460838197,25.8194119378905
8,43.2990249672548,0,30.0623537393756,26.2719529859842,31.9575541160713
8,47.024898706362,1,31.2317163513399,28.3109432760467,32.6921028889866
8,46.8987004081678,1,29.1509959520721,27.6090479945816,29.9219699308173
8,47.8317868915608,1,34.9223263141837,33.3377496612258,35.7146146406627
8,47.113637601292,0,30.3400031130434,28.7442853495247,31.1378619948027
8,46.5800996485615,0,35.2947709306618,37.0166555737853,34.4338286091
8,41.5048753594564,0,29.303496701051,24.2839856398408,31.8132522316562
8,45.5442409319756,0,27.1424013013105,29.1134723584922,26.1568657727196
8,44.2418186823903,1,26.9207494347957,26.5194888496838,27.1213797273516
8,43.1979506026183,1,26.3064424561542,19.5685677362657,29.6753798160985
8,42.0006991465468,0,31.0262657898298,29.2795954032088,31.8996009831404
8,43.1978512088618,0,34.8345302062848,36.0949015574375,34.2043445307084
8,45.3143919782977,1,27.528135062925,22.5427848803634,30.0208101542059
8,53.0462476566586,1,31.9697016461977,25.639482950629,35.1348109939821
8,43.8977388035153,1,31.5817502133234,32.9831991590649,30.8810257404526
8,45.5024087099123,0,29.7142868181059,26.9642420612846,31.0893091965165
8,48.2802987710359,0,36.6080468562196,33.3648916712826,38.2296244486881
8,44.5233540760082,0,29.5922605435379,25.4459136618308,31.6654339843914
8,45.6370915653573,1,29.1210395410469,23.5178313020206,31.92264366056
8,47.7988820546988,1,30.716077218721,27.0630726681808,32.5425794939911
8,44.3150961377103,0,32.5606349545662,31.4914800928286,33.095212385435
8,47.25900521603,1,34.7857574873366,31.7407074480385,36.3082825069857
8,45.0597071769343,1,33.6049627248055,27.332788905897,36.7410496342597
8,44.329567159708,0,28.4768988183478,28.7013244064643,28.3646860242896
8,45.1947470387388,0,31.3880266771051,31.5879919212379,31.2880440550388
10,47.6314410905493,1,20.7251549672107,29.4960243491044,16.3397202762638
10,49.974901263439,1,21.2888841123236,26.2791321312702,18.7937601028503
10,52.6902305528965,1,13.2595173130552,13.7195115925618,13.0295201733019
10,44.962236349686,1,14.851632901498,25.0435642979227,9.75566720328561
10,45.0612325981449,0,10.45282829369,17.3564192286844,7.00103282619281
10,46.0561045518657,0,13.1175131177717,17.3925865280441,10.9799764126355
10,52.0803670265911,1,16.331054519195,20.1038414690857,14.4446610442496
10,47.0099982425765,0,17.2204911180518,19.2339563691263,16.2137584925145
10,46.4520553906052,0,12.2666994254041,16.0372986361891,10.3813998200117
10,46.0869889213515,1,13.1701940209462,15.0109338797037,12.2498240915674
10,45.8648184708952,1,10.4653093964213,13.5184557010039,8.93873624413007
10,47.8716704784893,0,15.237544594144,15.8489487187737,14.9318425318291
10,45.7784297209027,0,16.4803964494832,21.4470858454467,13.9970517515015
10,44.0887042734984,0,11.6847784737254,17.5640732248976,8.74513109813938
10,45.7375166939237,0,14.3520096646511,22.1863915581667,10.4348187178933
10,46.9826026285314,1,14.0372774554031,16.8975111633054,12.6071606014519
10,47.159939521164,0,15.9549514069294,13.2892209994116,17.2878166106883
10,43.1910422844513,1,17.8137892875295,20.762744283939,16.3393117893247
10,48.544231777903,1,19.7715161150663,25.125120729336,17.0947138079314
10,47.9166316023753,1,15.0555482551948,12.647223475867,16.2597106448586
10,47.6181179911382,1,13.7762371320456,15.9483610898588,12.6901751531391
10,43.6723291863584,0,13.1425178305553,16.5572070038285,11.4351732439186
10,46.9715027724484,1,15.9739285744824,16.4485714903687,15.7366071165393
10,47.2886870664071,1,12.1645405499196,13.77960514123,11.3570082542644
10,44.0710753849738,1,15.4209226638827,23.8907191616339,11.1860244150071
10,49.1453074643307,1,20.6132582752108,27.6485331519391,17.0956208368466
10,50.003445023264,0,15.5302998318424,21.1782955902945,12.7063019526164
10,48.8814997759521,1,25.8329030396881,30.8956640543542,23.3015225323551
10,46.8523797643557,0,17.9467862435642,29.9614285671208,11.9394650817859
10,48.1271931479646,0,23.1379703355275,30.1989208844021,19.6074950610902
10,50.6528898660618,1,21.3430359014121,26.0941726537421,18.967467525247
10,49.6860666062042,1,15.0768472092546,16.0216941894843,14.6044237191397
10,49.5992830414892,0,14.738591892759,20.0073692244977,12.1042032268896
10,52.5527230171716,0,20.0551521390696,25.6001162460137,17.2826700855976
10,49.7235447038137,0,26.7832579036656,34.4704644975896,22.9396546067035
10,48.151934397477,0,20.4123443634095,19.4886772620696,20.8741779140794
10,48.4595659442648,1,22.4880408686469,27.1750200060483,20.1445512999461
10,45.8810657008943,0,17.6173430638128,26.5736211752206,13.139204008109
10,48.6471970981065,1,25.7585346592567,27.3103234034043,24.9826402871829
10,49.6129805338208,1,14.4390715832747,17.7887315967107,12.7642415765566
10,46.834831420143,0,20.2167951761075,21.0281779930667,19.811103767628
10,52.8335192361331,1,30.7865647683343,37.2316089552955,27.5640426748537
10,49.3384945322136,1,22.3266703313862,28.901927019409,19.0390419873748
10,44.8851464453443,0,14.7011238836099,19.5020568691885,12.3006573908206
10,46.6861258052482,0,27.3476007568494,33.7233160096017,24.1597431304732
10,47.0030073566101,1,20.4961301601354,25.6841723811693,17.9021090496184
10,53.6626630996488,0,23.4479387293207,27.7394927538383,21.302161717062
10,49.649678167647,0,17.8140999610005,28.7796922248566,12.3313038290725
10,46.2684984499746,1,22.5309996381715,29.0332437794238,19.2798775675453
10,48.4870829128065,0,20.1778011807243,28.9937678739427,15.7698178341151
10,48.0113059632269,0,18.0932277680037,22.7756269800876,15.7520281619618
10,47.8837532080493,1,14.3568745247386,13.2134317684951,14.9285959028603
10,48.2068877374707,0,22.9041800394877,28.0546053920922,20.3289673631855
10,45.6162629296812,0,18.1037888716642,18.1748526401799,18.0682569874064
10,45.9238979790797,0,14.3214854726574,22.9696128806032,9.99742176868458
10,49.1328611096951,0,16.940122882598,19.3973237406932,15.7115224535503
10,48.0744406609791,1,17.8439329181448,16.2038752295124,18.663961762461
10,48.2755262556501,1,28.5734476491881,29.9996363346639,27.8603533064502
10,46.8777980919174,1,18.4741885118406,19.3054799051137,18.058542815204
10,48.3390720545399,1,22.5714387421204,27.7985168810502,19.9578996726555
10,44.6011123923657,0,15.1634741391896,19.1246131772137,13.1829046201775
10,48.1349766244406,1,28.3946752588333,27.4612984529539,28.861363661773
10,46.0146816369087,1,22.6464687759552,27.9694317297151,19.9849872990752
10,45.9678871240673,0,20.9284563551113,26.3670599680837,18.209154548625
10,45.171844421475,1,16.6496183546478,19.8211920917391,15.0638314861021
10,43.7152388700258,1,22.1078234123173,23.471494740669,21.4259877481414
10,46.0961289366565,0,14.6671687048324,16.3015888585253,13.8499586279859
10,45.0797556397325,0,15.5142212057718,19.7887871925317,13.3769382123918
10,43.2312893324033,1,20.8392052181949,26.1228948050621,18.1973604247613
10,44.1097189605424,0,20.7493975079437,21.7341738088044,20.2570093575133
10,45.1637130259395,1,18.8251140587267,18.4604702354387,19.0074359703706
10,47.341559526574,0,22.7342652056425,25.5865279681207,21.3081338244035
10,45.1646563528393,0,13.9894948230847,18.5940445163,11.687219976477
10,54.4224187025791,1,22.7021394584896,25.8524174342809,21.127000470594
10,47.0895296099375,0,14.9036997495563,18.1298122875231,13.2906434805729
10,46.8312226204726,1,15.3365163913284,14.5943144456431,15.707617364171
10,48.9188074815278,1,21.3885400615683,21.1834246129746,21.4910977858651
10,45.4829036582551,0,14.0752412396834,15.2713544796266,13.4771846197118
10,45.0779946059459,0,24.2480073660411,27.1236895236163,22.8101662872535
10,49.5619916086709,1,26.9681213190693,30.7155685348203,25.0943977111938
10,48.1632774052095,1,16.1743264445072,26.4116573280154,11.0556610027532
10,47.1871286962709,0,17.0215017152982,25.1735469788789,12.9454790835078
10,47.5533234153921,0,27.5001129489428,28.3975529754996,27.0513929356644
10,48.0535676594329,1,15.1302615487437,16.5498851118354,14.4204497671979
10,51.5011249622255,0,13.7187305092717,21.4024527295993,9.87686939910786
10,46.3366013944804,1,24.6829647065522,25.7786203187475,24.1351369004545
10,49.3376448531412,0,16.5172341135592,19.4265192084813,15.0625915660982
10,48.367914112077,1,21.3141147405547,26.177403589216,18.882470316224
10,54.3058645115967,0,23.9607091453729,26.7405267540199,22.5708003410494
10,46.2011789733282,1,10.2418594390974,14.8161046978462,7.95473680972306
10,45.8291283733061,1,17.525907369619,23.3575909789604,14.6100655649484
10,47.6239160149837,1,14.2959035098407,19.3147562095064,11.7864771600078
10,50.6646952592948,1,19.4833629981376,25.5783128563827,16.435888069015
10,48.315473658137,1,17.4801775871803,19.1985981534064,16.6209673040672
10,47.1657414089967,1,18.5898055401767,20.0049649007551,17.8822258598875
10,45.8466816414027,0,19.4188734694085,24.4369607369689,16.9098298356283
10,46.9185873970817,0,19.9083308157592,21.7701875892103,18.9774024290336
10,46.2864743663808,1,19.9761154182203,24.7687441860949,17.579801034283
10,45.2842215721093,0,20.272733719121,18.7876787153014,21.0152612210308
10,47.2623326097997,0,18.8126765121836,16.6050223722233,19.9165035821638
10,48.9651356985836,1,15.456726798224,17.9874498274213,14.1913652836253
10,44.8450183414612,1,17.6297318471917,22.1131212011514,15.3880371702119
10,49.1526730147244,0,17.0112906735403,18.7023064932915,16.1657827636647
10,46.7192212511988,0,11.9861723602697,14.112222244714,10.9231474180475
10,49.4042524161342,1,16.7988235163396,20.2518922975794,15.0722891257197
10,44.4901675557979,0,13.8271493314494,18.5185687507076,11.4814396218203
11,54.9134595124526,0,36.6448036203933,31.94616629354,38.99412228382
11,50.5775063081094,0,27.9158458370552,25.8682919326637,28.9396227892509
11,54.2090255102307,0,34.87096291194,32.5005794451602,36.05615464533
11,55.7735419044581,0,30.3100456806406,27.6992251748211,31.6154559335503
11,51.1852857632845,0,34.7694520470298,39.0146414373254,32.646857351882
11,57.5287393192073,1,42.8537199352802,33.1614570305532,47.6998513876437
11,50.5079638754495,0,38.7503042821756,44.8548057497076,35.6980535484096
11,50.897669159106,1,34.3236645717498,35.0574762187843,33.9567587482326
11,51.199974608113,1,39.3153070142472,44.1294663044147,36.9082273691635
11,52.8269904711299,1,40.2833889753319,38.7363886043834,41.0568891608062
11,50.5483336950546,1,23.5653971773884,21.0713860568206,24.8124027376722
11,52.1054741490495,0,23.8018715340897,26.5811960644927,22.4122092688882
11,49.7005130649039,0,26.2626669637567,31.2257392136319,23.7811308388191
11,52.1303721783747,1,22.881106883761,23.0484827474017,22.7974189519406
11,53.8791736645671,0,22.6286306258805,22.8051928094794,22.5403495340811
11,55.2477769616049,1,26.8356124908934,18.5618819632543,30.9724777547129
11,51.8246892743508,1,28.4300143608576,21.7188548975348,31.7855940925189
11,50.4527399154254,1,22.5684921257021,21.3628641460317,23.1713061155374
11,48.8784467584554,0,18.5840862005496,18.8568991602541,18.4476797206974
11,51.9935196926614,0,24.0648117235041,24.7136357757662,23.740399697373
11,49.2420656255954,1,20.8431143337325,17.316863800025,22.6062396005862
11,51.6126876497536,0,19.9808880277092,18.7509433486226,20.5958603672525
11,51.6241896779557,1,24.5611347496671,20.6945147882614,26.49444473037
11,51.9177040423692,1,23.1527715050319,21.0965716697323,24.1808714226817
11,51.6437212931254,1,18.7652271598881,21.6505837398453,17.3225488699095
11,49.4520472463485,1,21.3148897114439,20.9818397756491,21.4814146793414
11,49.7795702737243,1,21.7991791127256,19.7017887949739,22.8478742716014
11,49.4127737588731,0,20.7828579071076,25.8422850461122,18.2531443376052
11,50.9664602300069,1,25.1827461172425,26.6279654241494,24.460136463789
11,49.6987871380968,1,19.1950300095239,18.8415524764312,19.3717687760702
11,48.6146922876462,0,24.681517459209,27.5361846992652,23.2541838391809
11,51.4149061448718,1,22.1456266009545,18.5670996069381,23.9348900979626
11,52.5579251815689,1,30.3919684018685,34.7343884222386,28.2207583916834
11,48.3690731025537,0,20.8682187218349,22.5660099132243,20.0193231261402
11,50.7161117868008,1,22.8020575594685,22.1560676266922,23.1250525258566
11,50.5819521298031,0,28.8532554274887,32.0186477961529,27.2705592431565
11,49.7225311047237,1,19.2475151535988,22.5522850395095,17.5951302106434
11,49.6681600776762,1,18.8913500856018,18.8773566482594,18.898346804273
11,51.61989997853,0,26.0021597469045,27.7592322567038,25.1236234920048
11,51.3980828896859,1,18.6249595748492,18.4047961789772,18.7350412727853
11,50.4382496083415,1,28.2590195951737,28.2205835048953,28.2782376403129
11,50.5269049233451,1,33.3722096180441,32.1953188791606,33.9606549874859
11,50.576440962638,0,24.8854000435732,18.3237213587786,28.1662393859704
11,52.1986527122737,1,24.2123801299452,23.4482272885475,24.594456550644
11,49.8262658678744,1,25.757334280827,25.8923621008048,25.6898203708382
11,55.8774100121448,0,39.072735822727,36.3223758237198,40.4479158222306
11,52.2859364625768,1,27.2244594075477,25.2009053502532,28.236236436195
11,52.8485268644585,1,33.2529833825693,33.7075153828971,33.0257173824054
11,49.9058693241416,0,30.8900462335306,31.9518508431503,30.3591439287207
11,51.2278902656306,1,32.2032766601669,32.3275708498229,32.1411295653389
11,52.5752891759199,1,24.8129728294108,25.7545356662457,24.3421914109933
11,51.9258532898434,1,26.7450464999155,28.9739072556533,25.6306161220466
11,54.1005687391228,1,25.2411908613533,22.2685756525322,26.7274984657639
11,52.3426755360726,1,23.4067118902984,21.4846790591857,24.3677283058547
11,51.9627249464549,1,28.2226382052649,27.4202237122018,28.6238454517964
11,51.839322114764,0,27.2402169639955,18.9177496300842,31.4014506309512
11,50.4737499896298,1,22.9252664851148,17.5273255140608,25.6242369706418
11,53.4276281778754,1,25.6054203500201,25.9622137686237,25.4270236407182
11,49.7438601377017,0,22.6894056872802,14.0137136329774,27.0272517144316
11,50.6962769231571,0,38.1910469536414,38.2259252044514,38.1736078282364
11,51.6714435102046,0,23.3564085849614,25.4302919734853,22.3194668906995
11,50.5960213642952,0,24.1360414428074,25.7582052360241,23.3249595461991
11,50.5982240093566,1,23.3980704890573,24.1782039628312,23.0080037521703
11,49.8191850605605,0,21.9190315843215,24.6369625563188,20.5600660983229
11,52.4826987477574,0,24.7280789496282,28.7907413503399,22.6967477492724
11,50.6839806711642,0,21.6027774498326,21.6314703700784,21.5884309897097
11,50.8929932870273,1,27.5286272210347,29.6719281647281,26.456976749188
11,54.9894918331373,0,36.0961663135029,40.4640949438144,33.9122019983471
11,50.9154837024678,1,25.3846252720758,23.581267300378,26.2863042579247
11,50.1743297389809,0,24.2921573510062,29.6788492862873,21.5988113833656
11,50.8419449596559,1,18.3047490989827,20.7463660436212,17.0839406266635
11,50.7436866962346,0,28.2174954602829,30.2099470105407,27.2212696851541
11,50.5175668230198,1,18.8132566634403,17.73641760564,19.3516761923404
11,48.7537595487544,1,18.3236814167546,18.4777261892267,18.2466590305186
11,59.3573327544686,1,23.5168007384218,27.2146803495194,21.667860932873
11,53.7191765970988,0,20.5161341994176,25.2878777676606,18.1302624152962
11,51.7381642688294,1,22.3739740834569,23.0884712899515,22.0167254802096
11,49.4977533025631,0,18.7883538734692,23.57610464039,16.3944784900088
11,50.7366622363268,1,17.8689352036575,20.1090417029814,16.7488819539956
11,48.4630525670194,1,25.3987935461376,29.9002447142159,23.1480679620984
11,52.3280944895336,1,25.0482109993797,25.3824210574638,24.8811059703376
11,48.7541529877392,1,21.6794085959717,26.0171708718411,19.510527458037
11,51.7584122016975,0,27.3619476407358,30.1192159048096,25.9833135086989
11,53.1897669283904,1,18.7357018364212,18.8831769408046,18.6619642842296
11,51.5598086605404,1,19.8631541934426,21.8743840384373,18.8575392709452
11,55.4724984517173,1,27.284189553117,29.9726795186997,25.9399445703256
11,60.7399337115361,1,24.3420281193766,19.7433957258042,26.6413443161628
11,47.279766627731,0,20.3324899317746,26.2496195996811,17.3739250978213
13,56.6196629819056,0,27.787354809786,32.3690964670575,25.4964839811503
13,54.2692103682615,1,14.3807750682559,15.954078432607,13.5941233860803
13,52.5811424243531,0,16.0673267456649,19.2513095689762,14.4753353340092
13,51.2769892354056,0,15.6781937363233,16.5887673013428,15.2229069538135
13,52.5528394073001,1,18.6407988757837,20.5350448268777,17.6936759002366
13,55.510278494374,0,18.5323046549939,21.9977718586933,16.7995710531441
13,53.3153295935791,0,14.87537315836,17.5882643021719,13.5189275864541
13,51.812120996904,0,15.7152361319153,18.7017299354403,14.2219892301529
13,54.0421316777923,0,16.2129555623838,18.5218925998555,15.0584870436479
13,54.3258200591576,1,16.8658161658914,21.3233136580829,14.6370674197956
13,52.5182900274681,1,18.5591809797893,22.7911690562814,16.4431869415433
13,51.3940119275251,0,20.3118803697582,21.9148435790411,19.5103987651167
13,52.8782835924678,0,15.9461670390708,18.6763670618528,14.5810670276797
13,56.1414452614402,1,16.5762384534766,17.4794241518257,16.124645604302
13,49.8931429820715,0,14.4494913413811,17.2791972486116,13.0346383877658
13,51.4660341163559,1,14.6684559170832,17.6715174507691,13.1669251502403
13,52.3596253305729,0,15.0587753393457,19.5740803203196,12.8011228488588
13,52.450379395836,1,19.0166141722832,25.2546431066499,15.8975997050999
13,51.7656570881446,0,17.355879900476,19.2635168738057,16.4020614138112
13,51.8672670709206,0,15.320432158542,17.5777086100243,14.1917939328009
13,53.8382712608138,1,15.8828782689935,18.1474955751777,14.7505696159014
13,49.9079813950763,1,19.6228230843879,24.370337460373,17.2490658963953
13,54.2674460675929,1,17.937240277294,21.6593665085793,16.0761771616513
13,56.3472720997094,1,23.9081027477666,26.2523862524603,22.7359609954198
13,52.3894249161176,0,16.6234085007423,23.703003347958,13.0836110771344
13,51.8653880349926,0,16.4436850135725,19.9733720592334,14.678841490742
13,52.0796021961465,1,16.587013656695,18.3443789917061,15.7083309891894
13,53.2894326083058,0,16.8727265466907,19.9838792955588,15.3171501722566
13,53.5253667076638,1,15.5961629695548,19.5565848478912,13.6159520303866
13,51.7240507693756,0,18.7284955358679,22.7912214961874,16.6971325557081
13,51.34381570633,1,17.2858116605063,20.9365938315455,15.4604205749867
13,55.4064429924093,0,17.9636728080955,20.924927691409,16.4830453664387
13,53.0508595279352,1,27.6471210541309,32.4327702095632,25.2542964764148
13,48.7474128772972,0,18.8539451870579,24.6850973814489,15.9383690898624
13,53.3916371286329,0,17.0459342994684,19.9745630471952,15.581619925605
13,51.3905308612093,0,18.4063719558791,19.7027703624159,17.7581727526107
13,52.2781956767375,1,17.805023113311,23.9066171025418,14.7542261186956
13,51.1727308273774,0,17.8424402180806,21.2342351270548,16.1465427635934
13,53.4671703218199,0,19.6718841901838,25.9532330062403,16.5312097821556
13,55.0938337783191,1,15.6485953764547,20.5080771480086,13.2188544906778
13,50.4711179522107,0,17.1081639341012,21.9870779300322,14.6687069361357
13,51.5433318473033,1,16.3493319734348,17.5169187751077,15.7655385725983
13,50.6367210472024,1,18.5033372730014,18.9863124112429,18.2618497038806
13,54.1566337962959,1,16.2429808080765,18.7153972654258,15.0067725794018
13,50.2394591057837,1,17.0110350432104,19.7406333394313,15.6462358950999
13,51.8477185456405,0,19.6737462587784,23.2741098585595,17.8735644588878
13,52.3065408692775,1,22.9812757456084,24.9718967660686,21.9859652353782
13,51.4975486705506,0,18.5651205743383,20.7019648500228,17.496698436496
13,55.6735994390877,1,17.8344053424941,20.6144700024512,16.4443730125156
13,54.751686333509,1,16.8659116931007,19.1068478305473,15.7454436243774
13,57.435951507568,1,24.9625298937414,31.3375340891389,21.7750277960426
13,53.8699972578223,0,17.1773562404276,20.9939624614376,15.2690531299226
13,50.4457718071039,0,19.7693474374263,25.1335065506409,17.087267880819
13,52.4597414330385,1,19.0088414253805,20.488694339526,18.2689149683078
13,51.1946913438405,1,18.5247608167914,23.7030746894943,15.9356038804399
13,54.777380247688,0,16.5682473477655,17.228657636432,16.2380422034323
13,52.4088018495659,1,18.0699059914713,22.4885662353846,15.8605758695146
13,52.6206228513027,0,17.0731695570158,18.4901071091291,16.3647007809591
13,51.935457144786,1,16.6357928036578,20.6915941829346,14.6078921140194
13,50.47915083311,0,18.7692916909888,18.9029372160434,18.7024689284615
13,60.1271267847359,0,26.1030251495175,28.2681499910406,25.0204627287559
13,53.7343276254251,0,19.9121217199247,26.5931924430902,16.5715863583419
13,53.2862845569721,1,16.4435957962557,18.4637532601458,15.4335170643106
13,57.2580072439926,0,18.1631071813927,22.6786930335984,15.9053142552899
13,55.1224422790276,0,30.2198864955108,35.0153226887801,27.8221683988762
13,51.5576377343704,0,17.021385628541,21.9148212412064,14.5746678222083
13,52.8429293786218,1,23.1337056103923,26.6043037028489,21.398406564164
13,52.5873754690608,0,20.3400973528043,22.9422486109274,19.0390217237427
13,51.3353401931729,0,19.5000172143159,21.4201523906135,18.539949626167
13,50.3154502537285,0,18.5140362225411,20.5865909247641,17.4777588714296
13,56.1398507087483,1,18.8025442283707,21.0792949439364,17.6641688705879
13,52.7653302301981,0,17.9178079405034,20.5879120299307,16.5827558957897
13,51.2024588826527,0,20.1294076049281,25.9148966254882,17.236663094648
13,53.2252765302936,1,20.2663315013698,24.696160889713,18.0514168071982
13,50.2745368658891,1,19.1005708806899,21.1271508138503,18.0872809141097
13,54.2767096114902,1,21.1085545263673,23.5411104220056,19.8922765785481
13,53.0440796782392,1,19.4506648253109,24.0373484949786,17.157322990477
13,52.2112055073283,0,16.4155091734821,17.5400659228839,15.8532307987812
13,53.6089284326842,0,16.8480010059144,20.6639532297689,14.9400248939872
13,55.7394059845912,0,18.5255377388804,21.4088644211726,17.0838743977343
13,52.5729676781782,1,18.1087719867929,20.5025014406436,16.9119072598676
13,54.9468213207416,0,20.5679769970802,26.571104545822,17.5664132227093
13,52.2856355019737,0,19.9796170811742,24.0345294427846,17.9521609003689
13,50.3387268236724,0,19.3329756393783,21.3989552165145,18.2999858508103
13,51.9749051813145,1,17.8262060200207,21.0289690551113,16.2248245024754
13,53.7548535242492,0,18.6252091542657,20.7758471677203,17.5498901475383
13,55.7354983337521,1,19.3756479609681,23.0891823482784,17.5188807673129
13,51.1714919773636,1,17.8404743642238,20.1420340031621,16.6896945447547
13,53.8561242669186,1,18.0385526839373,21.6532278403111,16.2312151057503
13,51.7140104351743,1,18.6348169921649,20.7135566817083,17.5954471473932
13,51.6539877136014,1,18.2918358971479,21.1152554360354,16.8801261277042
13,52.4477795966106,0,17.4580113923043,19.1482820375912,16.6128760696609
13,52.9006831727936,1,21.0057386801285,22.871048083815,20.0730839782852
13,51.6166473644458,1,20.2163028931395,23.530280300104,18.5593141896573
13,51.7832866701636,1,20.5496379256222,24.8936836286466,18.37761507411
13,55.3722054349176,1,20.8697261909755,23.5933950583004,19.5078917573131
13,50.0845342760871,0,16.8557726182547,18.9885792508402,15.7893693019619
13,53.7252594988305,0,19.6012881594942,20.8462917632371,18.9787863576228
13,52.820308302341,1,18.7292395585735,20.8851951299142,17.6512617729032
13,50.3265638504532,0,17.5379899385081,22.0367300521782,15.2886198816731
13,51.0938846565709,0,18.1598296194288,22.7297903857089,15.8748492362888
13,54.1417771425561,1,24.101932955212,26.2541473426036,23.0258257615163
13,52.0192673828686,0,18.3002006507879,24.0616690659155,15.4194664432242
13,52.2094136547511,0,19.9072230249967,22.3872377405523,18.667215667219
13,52.7468682130361,1,19.1895334785842,24.1347949899234,16.7169027229146
13,54.2987035161963,0,16.8075186569089,18.8563624074385,15.7830967816441
13,52.7699469285677,0,19.5400678622449,22.375901676647,18.1221509550439
13,52.073229230647,0,18.0361570317045,20.079016620208,17.0147272374527
14,49.0029987284619,0,29.0826280662452,34.1823522331414,26.5327659827972
14,47.84895807298,0,28.9146814570245,29.5807012352023,28.5816715679356
14,45.210498568575,1,34.8288909105441,42.4842495928032,31.0012115694146
14,46.9816733356528,0,29.6375601620373,36.3701098277885,26.2712853291617
14,45.5764521375246,0,29.5365086260337,31.6021504269281,28.5036877255865
14,46.408065658114,0,34.4883581276681,33.2401133665684,35.1124805082179
14,47.2545939612087,1,33.4407015611676,33.1251819097135,33.5984613868946
14,46.0215785758164,0,28.0476997537812,28.7571112426763,27.6929940093336
14,45.3027735627946,1,29.2581451368178,26.5751494088982,30.5996430007775
14,45.2092395737125,0,29.5077279354354,28.1784560084545,30.1723638989258
14,47.7434616018937,0,23.4562357702598,26.4097674810299,21.9794699148748
14,46.3862203696642,0,29.9678239066074,34.1298891241581,27.886791297832
14,48.2627804514946,0,23.3236338022505,28.9826307894525,20.4941353086495
14,46.3821188634885,0,25.4691480001305,29.8498678944166,23.2787880529874
14,46.6794464129981,1,24.4314342316622,30.3833420119266,21.45548034153
14,44.431219703367,1,24.639697506352,24.9882949753005,24.4653987718777
14,50.5793467565941,1,27.2883817500089,37.1253846288816,22.3698803105726
14,45.548389088672,1,21.3056150479883,27.6799863358288,18.1184294040681
14,45.6471197008915,0,19.1503521617648,18.1378752993549,19.6565905929697
14,46.8330694519842,0,26.5075326608543,24.0854622642567,27.7185678591531
14,45.5778804099247,0,26.038774050241,28.4000512798112,24.8581354354558
14,45.7001874507564,0,24.3726049208564,23.9815111769165,24.5681517928263
14,46.2977781075998,1,31.4334655517727,35.5187435622326,29.3908265465428
14,47.2120635593393,1,34.0033410583068,37.5637739834396,32.2231245957404
14,53.6366073430001,1,33.4542114948874,37.8144435437864,31.2740954704379
14,48.1940987091514,1,39.0256180796856,38.591371637524,39.2427413007663
14,43.4882550410874,0,28.1269419697714,29.500161864816,27.4403320222491
14,46.8309534548371,1,33.7783667513026,39.478854104072,30.9281230749179
14,44.9450253006732,1,20.5716646775768,19.8016712005428,20.9566614160937
14,45.3533107969238,1,23.2655915937004,22.0878288878549,23.8544729466232
14,45.3792752713064,1,25.4317407182044,28.4302234929915,23.9324993308109
14,45.8351589001369,0,28.1557250369919,25.0694011328489,29.6988869890634
14,44.2313837331266,0,19.3758820205706,19.0110615854822,19.5582922381148
14,48.6654746585978,0,27.5217237378542,26.5190228412258,28.0230741861684
14,49.5625229887675,0,26.2823457706468,32.2691710145134,23.2889331487136
14,46.4333907797107,1,25.8861901032993,25.9262061304165,25.8661820897406
14,49.2259362345756,0,25.1867635157451,31.8097823838361,21.8752540816996
14,47.315236526208,0,22.4403146399253,27.7114010351755,19.8047714423003
14,44.4537963907504,1,29.0965329051362,24.8285480003383,31.2305253575351
14,45.1681283072975,0,25.2853603981417,28.2043068064753,23.8258871939749
14,47.4004515577078,1,24.7390071263532,29.5353938951918,22.3408137419339
14,46.3550415757968,1,26.7351766250947,30.4596415971976,24.8729441390433
14,45.9149669924635,1,21.2282236530059,21.3691751215356,21.1577479187411
14,50.726406718067,1,18.6721597789318,17.4106997990689,19.3028897688632
14,45.4404860828855,1,24.7363327679429,24.4136618753167,24.897668214256
14,46.1473217758599,1,21.1763644756522,28.1243072391279,17.7023930939143
14,46.6721257589533,0,27.1448158317371,30.3986705483431,25.5178884734341
14,46.3242064195655,0,23.5893890705375,20.6832811947311,25.0424430084406
14,43.7139330234577,1,22.022284711412,16.5485250333319,24.759164550452
14,44.8403497426318,1,26.617872495502,31.0795251504525,24.3870461680267
14,43.9757432105009,0,26.034460343961,26.7740203565735,25.6646803376548
14,43.9495229650169,1,30.6717509489503,31.4313205565174,30.2919661451668
14,43.5965739977034,0,26.3515130752887,33.2763407121621,22.889099256852
14,44.6406935229133,1,32.5238081059194,35.4883419550494,31.0415411813544
14,44.9890661476568,0,17.7866108516017,19.9166800860043,16.7215762344004
14,48.6334554314695,0,27.6535544686525,32.1976612491206,25.3815010784185
14,45.2390127464172,0,23.5744949207299,28.2841755984302,21.2196545818798
14,44.3704157089593,1,25.3859202797398,27.1111947144352,24.5232830623921
14,50.8885028451969,1,28.9945440670925,32.9090811069348,27.0372755471714
14,46.8754296932141,0,24.2471580620663,29.4050586826312,21.6682077517838
14,51.1428955418277,1,27.8757906100636,26.9635061385321,28.3319328458293
14,44.6763560192258,0,25.2542494254587,32.8885722303317,21.4370880230222
14,48.3179583188328,1,29.1737946437049,33.3605087659337,27.0804375825904
14,45.2490978024107,1,26.2073974733395,26.0955105746467,26.2633409226859
14,46.6908866317716,1,23.3683657062206,25.9350637018478,22.085016708407
14,47.3123825911281,0,25.1360668464677,29.7721913507554,22.8180045943239
14,48.0202026628827,0,24.7059504298681,29.62231907877,22.2477661054171
14,45.3153810627471,0,22.7159107790949,28.7548427947297,19.6964447712775
14,46.7632809658676,1,21.9232324206514,22.7391336352618,21.5152818133461
14,47.720532839688,0,21.181005851969,26.4242949833078,18.5593612862996
14,46.955388292621,0,24.8541217227448,24.7740207586245,24.894172204805
14,44.1157706128495,1,18.1299635573093,19.6693249891062,17.3602828414109
14,43.8348764335095,0,27.7889153097699,30.895318802065,26.2357135636223
14,44.7751466678857,0,22.2503287788993,25.2164070761403,20.7672896302788
14,45.628006162409,1,26.630523744165,30.886979319742,24.5022959563765
14,47.1544642337434,1,28.7303572985457,32.7745894913454,26.7082412021459
14,44.8874519911724,1,25.8276933474362,31.2634371384553,23.1098214519267
14,47.6632744660026,0,20.0644149031213,21.3027670544201,19.4452388274719
14,48.2927391567294,1,24.5840444650421,27.5748520967418,23.0886406491923
14,48.0787401192178,0,28.2478152612375,27.6348209932229,28.5543123952448
14,43.9164274318411,0,26.4274042990071,32.515370780767,23.3834210581272
14,48.5691165240353,1,22.6535670819443,20.2565263151548,23.8520874653391
14,47.8479382466133,0,19.5384036070216,23.9490997157606,17.3330555526521
14,46.6635040759857,0,19.2064927723483,25.103252543284,16.2581128868805
14,47.8148869741489,0,27.5814783771475,33.8114732637323,24.466480933855
14,46.2112279870339,1,20.6661179914214,24.9064643504983,18.545944811883
14,54.7960781640042,0,35.0143911570925,34.7664423058206,35.1383655827284
14,44.259961965706,1,16.2263859162981,17.8256603673162,15.426748690789
14,45.5845098319961,0,30.286551840098,31.7305552626126,29.5645501288406
14,51.4975459847226,0,26.8895663443583,31.687430194859,24.4906344191079
14,46.5698059848196,0,19.5619081629485,22.547397350042,18.0691635694017
15,49.6203790575415,1,22.1927048482491,24.55047422125,21.0138201617486
15,48.4278400602549,1,25.7024490420575,29.3949674573195,23.8561898344266
15,47.969529850116,1,19.8553400646348,26.5228342448747,16.5215929745149
15,52.0210098314253,1,21.5112753133868,27.4663579153857,18.5337340123874
15,48.3935016569064,1,29.4504930855237,40.0805991658959,24.1354400453376
15,49.1508723834647,1,27.2392040540372,34.0420773988518,23.8377673816299
15,49.5142924426546,0,22.0104829808023,22.2020928878339,21.9146780272865
15,49.4040268552085,0,22.1380346862151,26.4084036228907,20.0028502178773
15,51.9677706082981,0,28.9000130516992,33.430888846621,26.6345751542384
15,48.0608681502704,1,23.4825201829681,21.7547881761312,24.3463861863865
15,46.6752569457186,1,24.0367731232659,26.0588871498556,23.0257161099711
15,48.1340721355197,0,20.7014383401669,22.6359740697169,19.7341704753919
15,47.022177609328,0,23.5571565704788,27.4590204283878,21.6062246415244
15,49.8137730386649,0,25.9267414521328,23.3812465449071,27.1994889057457
15,50.8051359505781,1,25.9221690862683,32.4289238819657,22.6687916884196
15,51.3256553373681,0,34.1750917383326,37.3486041094821,32.5883355527579
15,48.74535928225,0,23.1590547029841,25.0513290180289,22.2129175454617
15,57.3509774802028,0,40.4687245299115,46.258521542214,37.5738260237603
15,54.0502145183909,0,34.0147226696904,46.3623766192163,27.8408956949274
15,49.4949828789597,1,25.6082062125301,31.7080999554407,22.5582593410748
15,50.0411917295605,0,22.4077823615176,27.874350150026,19.6744984672634
15,49.367408600073,1,23.2526280320369,26.4620755613821,21.6479042673642
15,50.8366545730146,0,28.3255280049086,34.7882758933622,25.0941540606817
15,53.9774266510771,1,34.3349533771312,47.2581677388642,27.8733461962647
15,50.7319137701225,1,25.9185064170657,35.3161523714958,21.2196834398507
15,48.228152215887,0,25.6175520878393,33.2036827915329,21.8244867359926
15,57.0334756609117,1,39.5542174425769,43.1279815830128,37.7673353723589
15,58.0819948415088,1,42.9391453258523,50.7991689345339,39.0091335215115
15,50.7263191760489,0,28.4140606985465,34.5651493660786,25.3385163647804
15,52.3180335935933,0,26.1446273807056,28.6069901995349,24.9134459712909
15,52.6291982117144,1,23.4782203112153,27.7027400782127,21.3659604277166
15,49.9649111203257,1,25.4124606716857,30.9270176319201,22.6551821915685
15,50.7505403411579,1,20.122848037071,26.6444288647059,16.8620576232536
15,49.6885999580235,0,25.9487367084065,30.0221058230738,23.9120521510728
15,58.202253212048,1,34.5620930673533,46.6434489934869,28.5214151042866
15,53.3028078952814,0,25.9928509804164,36.10461819084,20.9369673752046
15,57.5901155962495,1,37.9697619881432,41.8253127942352,36.0419865850972
15,53.9564550165855,1,26.9065748534623,33.3825768606363,23.6685738498753
15,52.6933416163075,1,34.8953272254163,43.2756764158519,30.7051526301984
15,52.3535392175537,1,30.6970775624482,37.070915963141,27.5101583621017
15,53.3216729954786,1,31.7862110510392,34.8478355073766,30.2553988228704
15,52.5653131824642,0,25.7262761485669,28.8108455431357,24.1839914512824
15,54.8959662335851,0,32.0217624857322,36.5353571548031,29.7649651511967
15,53.6411514236355,1,32.2461548108349,32.6855076128131,32.0264784098458
15,53.8354646369888,1,31.8844776796018,34.306110279435,30.6736613796852
15,50.4459485161688,1,26.6061340245371,32.0233663730889,23.8975178502612
15,55.0123998557237,1,35.5700726424502,44.5992197581176,31.0554990846165
15,52.9451396523767,0,35.2844788957183,37.0023879799687,34.4255243535931
15,51.4957217316732,0,28.1188062097452,33.612609713318,25.3719044579587
15,49.6918055382575,1,36.7224465747585,45.7213637071748,32.2229880085504
15,59.9237064746286,0,35.9826800712231,39.9836469204672,33.9821966466011
15,51.9379958226618,1,25.0056028015853,25.6692519143139,24.6737782452209
15,53.2151876626754,0,44.2022353368194,49.3350614199927,41.6358222952327
15,53.7754753749935,1,29.5771679356184,31.0084175964688,28.8615431051931
15,49.3401180224351,1,26.9261675713157,34.8428792922889,22.9678117108291
15,49.7925453001957,0,29.209162243041,34.0935730374344,26.7669568458443
15,48.0061094098604,0,26.8769149310671,32.9967351928914,23.8170048001549
15,57.8794821184578,1,42.7091358388105,48.6437667858069,39.7418203653123
15,60.9480695055782,1,43.1440391543515,49.2638494531304,40.0841340049621
15,54.9897966165742,1,34.2239270473612,35.1309905523425,33.7703952948706
15,52.8657951030946,1,32.99645399736,39.0223596682263,29.9835011619269
15,54.0678239622999,1,36.2640877669794,44.9327205420121,31.9297713794631
15,51.3327934887861,1,27.0424449080319,29.4382723425042,25.8445311907958
15,56.3706483283394,1,41.5810068946848,52.4405088097686,36.1512559371429
15,49.7366444353037,1,33.3580356685257,43.7175906506802,28.1782581774485
15,52.5465564029151,1,29.064273514577,36.9673126578256,25.1127539429528
15,55.7014504518699,1,41.8142118128984,53.621407867703,35.9106137854961
15,61.5366365037416,1,49.7390067787832,53.4859757448368,47.8655222957563
15,51.5901206853676,0,30.7690756324433,33.6599866775439,29.323620109893
15,56.9851679787574,1,38.9666961928896,43.9550580800188,36.4725152493249
15,51.381770210974,1,27.2480136319284,30.1433487267863,25.8003460844995
15,58.7104847950619,1,42.3976781320227,47.8679092472942,39.6625625743869
15,50.4104595390005,0,30.7243802787239,32.4718161116848,29.8506623622434
15,52.3412427897417,0,27.9638400001181,29.3596946832355,27.2659126585595
15,51.0431484962985,0,31.7356517436128,38.7312697422629,28.2378427442878
15,52.554092865686,1,34.574711140012,41.5156936731822,31.104219873427
15,49.6526148005079,0,35.6256559634091,34.2496272491112,36.3136703205581
15,54.845666781752,0,34.6669096705199,41.0998459813777,31.4504415150911
15,48.0264273131619,0,28.2065053484846,32.3852137642472,26.1171511406032
15,49.0884200969793,0,25.8198972535579,25.0555503139474,26.2020707233632
15,62.1825688241477,0,34.3039007372377,42.471566068403,30.2200680716551
15,53.0169018110941,0,31.995570837412,40.9685179896084,27.5090972613138
15,52.9730073154762,1,39.1500406866757,40.6420641227179,38.4040289686547
15,52.2101087315901,0,28.8737632919857,30.5163686849534,28.0524605955018
15,55.4064499893869,0,42.0934427586174,49.0486036191636,38.6158623283443
15,52.0848787899699,1,27.0844277078869,32.7856075576274,24.2338377830167
15,52.233061498436,1,22.4524167521983,28.3372017313146,19.5100242626402
15,51.8053008879566,1,31.3922954937416,29.8905117117805,32.1431873847221
15,54.5977402791308,0,32.8154441305038,33.8216773189414,32.312327536285
15,60.5364897461988,1,39.3651977103498,44.9380566913902,36.5787682198296
15,60.6906719977112,1,36.561857329207,36.8133681278024,36.4361019299093
15,53.5718957859336,1,31.5714813550069,31.9796344860455,31.3674047894877
15,56.1486428097478,0,38.0257624310241,46.7989070054499,33.6391901438112
15,61.2820787177656,1,38.0488386548056,42.9110389912625,35.6177384865772
16,55.8452591958791,0,43.5675769128242,45.5562577837328,42.5732364773698
16,49.0069243686244,0,47.5818940565323,47.9480404373745,47.3988208661112
16,47.8014862883848,0,39.8642734458548,36.7005067860626,41.4461567757508
16,51.4877880440992,0,43.8506749663334,42.8827002730425,44.3346623129788
16,46.5448091764473,1,35.3059335352348,29.2623718714071,38.3277143671487
16,50.6058003669247,1,44.7079890971417,38.6563982492875,47.7337845210688
16,47.4122446330257,1,34.0416121745512,29.3986583779847,36.3630890728344
16,47.2043020600229,0,30.5145226841297,28.73349317609,31.4050374381496
16,45.5146575937488,0,29.0712649934142,27.5573499591631,29.8282225105398
16,48.0674562288123,1,28.1556055274811,27.2820548812609,28.5923808505911
16,50.0476312616654,0,36.7462778744743,32.0218857365035,39.1084739434598
16,48.4874700870075,1,26.9275957136466,26.1377304532812,27.3225283438293
16,48.3410525384246,1,35.3059720142282,30.7721675424519,37.5728742501164
16,47.6884833256597,0,25.4384846389233,28.3358363384648,23.9898087891525
16,46.467123091445,1,25.8847298920546,25.9507774962563,25.8517060899537
16,43.709864866504,0,23.8001943431824,23.0418789180992,24.1793520557239
16,46.0229981047387,1,28.900589750248,22.9572203593038,31.8722744457201
16,45.8027018526032,0,28.5477202560942,26.0233729402301,29.8098939140263
16,44.9015955607776,1,24.0130579970647,26.0705258623843,22.9843240644049
16,45.3892545706544,0,20.3606251125024,21.9957043470341,19.5430854952366
16,47.2500397998355,1,23.980268208569,24.162890072988,23.8889572763595
16,46.681175524401,1,23.1459699889896,24.6159816585999,22.4109641541845
16,45.9932677848069,1,24.0961458105362,28.2105649226982,22.0389362544552
16,46.839901849296,1,22.7951984819907,26.693042555612,20.8462764451801
16,47.4776292268593,0,29.3945541685897,32.9118911468986,27.6358856794352
16,48.1904726771976,0,23.152125670578,26.965033142222,21.245671934756
16,46.4935297858525,0,22.9403781685568,24.523218082764,22.1489582114532
16,45.3132475192758,1,26.8713272971817,24.8142506554312,27.899865618057
16,46.5864187996022,1,24.4285870508273,25.7625554960133,23.7616028282343
16,46.066733827407,1,21.7239359202737,27.4758091722442,18.8479992942884
16,45.8368425897315,0,23.5889670108547,23.6052166723112,23.5808421801265
16,47.3830681944955,0,28.7526229031839,29.782534768628,28.2376669704618
16,46.147307179634,0,19.6942153789919,23.2849325348621,17.8988568010568
16,46.0491010893559,0,20.7851749965386,22.8873902932882,19.7340673481638
16,46.0432938795013,1,22.1314847518108,26.9069188339535,19.7437677107394
16,46.7276176876214,0,24.8778735944996,28.9558155847496,22.8389025993746
16,46.6325203184058,0,24.227851369907,28.6194536676748,22.0320502210231
16,46.101815391806,0,22.1924246795974,23.5086017108955,21.5343361639483
16,43.400562179726,1,23.6876820248417,24.5885651363105,23.2372404691073
16,46.5378428789345,0,19.3541921217116,20.8155943086585,18.6234910282381
16,46.0280408507365,0,25.4780009177525,29.0782549779242,23.6778738876667
16,46.5254746387356,1,23.6408488786774,25.4132161170894,22.7546652594714
16,44.8701715783823,0,22.6638584552177,23.984129967849,22.0037226989021
16,45.7838240991438,1,22.6860478540442,27.2057069966167,20.426218282758
16,46.4975593987756,1,23.4044244088698,23.4184732164491,23.3974000050802
16,47.6927979809564,0,22.1684956586568,22.0969649156282,22.204261030171
16,46.232149611857,1,19.4483010687723,20.4317204323105,18.9565913870032
16,45.2523386149254,0,20.5485082397983,21.7176296807692,19.9639475193128
16,47.4266025231355,0,27.9771017791382,27.180839798123,28.3752327696457
16,48.2390427940589,1,35.4043120282265,40.8322379432759,32.6903490707018
16,48.2835575724124,0,23.2885232130701,23.4215239458788,23.2220228466658
16,45.6016359651029,0,24.0963046154434,22.0192270904569,25.1348433779367
16,46.4367807129797,1,21.2905637850931,23.8328974504495,20.0193969524149
16,43.9799692186979,0,22.8145281192583,22.4449450414283,22.9993196581733
16,49.2407969073154,0,28.6623908318497,30.9868088853844,27.5001818050824
16,46.1698776136647,1,23.2265228485883,21.9451838965784,23.8671923245932
16,45.0577961486721,1,24.0931541598871,25.5088264911377,23.3853179942619
16,45.7714197770999,1,21.1425891524384,22.3443202277844,20.5417236147654
16,47.8585485003798,1,20.2072549410242,21.1458324659721,19.7379661785503
16,43.8583303311653,0,21.8665689204682,24.6031222491981,20.4982922561032
16,44.3260633842927,0,22.1011435107075,22.6422657061502,21.8305824129862
16,47.52597885615,0,25.3624607462576,29.5432423298011,23.2720699544859
16,46.4357198761212,0,23.8780086223072,27.7441777195138,21.944924073704
16,45.4682090957655,0,20.410586213517,22.1326046315642,19.5495770044933
16,47.2301361360428,0,25.0921337967055,27.9895201829255,23.6434406035955
16,47.4542913818606,0,20.4560581309355,21.9716245539486,19.6982749194289
16,47.5330481637326,0,26.6372998043323,26.438555434429,26.7366719892839
16,46.7302655588774,0,24.9098347897814,26.7302365453683,23.999633911988
16,46.00876743218,1,19.8294085823994,20.9058992555664,19.2911632458159
16,46.526724018413,1,23.1465517978506,21.5273806174865,23.9561373880327
16,47.774740067806,1,21.2597947392947,24.345833345793,19.7167754360455
16,46.5832312467609,1,19.9567726565015,24.4516268209737,17.7093455742655
16,46.8788976085694,1,21.9161631186836,23.3955369785384,21.1764761887561
16,46.2356320510048,0,25.3943294978687,25.0856178787542,25.548685307426
16,46.7267215399771,0,25.6845558540894,28.752963282229,24.1503521400196
16,45.8310503884604,1,23.0630496553154,25.3309487637687,21.9291001010888
16,47.2982208057644,0,23.9295337450923,25.1603820345573,23.3141096003598
16,42.8406629483865,0,20.7931068540931,21.3325163284302,20.5234021169245
16,52.011615144268,0,23.1811790164116,21.7795954139674,23.8819708176337
16,47.8342766285785,0,21.2722002265485,20.7041331463124,21.5562337666666
16,45.9057018793431,1,22.060896710787,23.357838545775,21.412425793293
16,47.5591551157658,1,22.3525686767084,26.7316496476268,20.1630281912491
16,50.0384249267847,1,34.4603720703838,41.2686790521262,31.0562185795127
16,46.2554084708434,1,25.4097194941912,26.3740722699846,24.9275431062945
16,50.4340712877769,1,27.0850239737986,26.0809942659811,27.5870388277073
16,47.623979185346,0,23.4260274755789,26.6893574688905,21.7943624789231
16,43.8456385768705,0,21.3206703951227,22.9960902966697,20.4829604443492
16,45.4375410341608,1,23.081145158931,22.7653676581259,23.2390339093335
16,46.5174515592839,1,22.248008540077,23.9616302205301,21.3911976998505
16,43.9173182531944,1,22.5940024095925,22.9398244584744,22.4210913851515
16,47.0715651059268,1,23.9211589516733,27.7331308163533,22.0151730193333
16,45.1455223502831,0,23.2674267042213,24.5110163125816,22.6456319000412
16,45.4062953591908,1,23.6288020708348,26.791375462379,22.0475153750627
16,49.1928339857939,1,21.5475088962822,23.9067709997149,20.3678778445659
16,47.365041538788,1,20.8559266940782,24.3722551554549,19.0977624633899
16,45.4524174002052,1,21.5047431526789,23.7410339604898,20.3865977487734
16,48.2798004524351,1,23.8249405983633,22.366770363249,24.5540257159205
16,44.4614230754124,1,23.8797279640072,26.2140610142286,22.7125614388965
16,50.6520522505805,1,26.2287992236941,26.0480759624095,26.3191608543364
16,48.6668480589704,1,21.5368560358869,24.1053504589967,20.252608824332
16,44.7986430352462,0,24.813520507116,27.9327805721125,23.2538904746177
16,46.0049584873435,1,22.9471463415096,26.5456037909177,21.1479176168055
16,49.5099676299964,1,24.8059533203776,26.30118031764,24.0583398217463
16,46.0654237196492,0,22.6877748031015,24.7387384078901,21.6622930007072
16,45.1001193801933,0,24.9079251030009,26.8278702413072,23.9479525338478
16,46.8016846408711,0,25.1117947367701,29.4826467405423,22.926368734884
17,48.2236057318332,1,29.6892835270211,38.165142636816,25.4513539721236
17,46.8317413736613,0,32.6762204950668,41.5559284204056,28.2363665323973
17,49.1148863196992,1,28.3982960483934,31.6374988984479,26.7786946233662
17,49.7995217119895,1,37.0619501020248,36.9708994909277,37.1074754075734
17,47.9758511982876,1,36.0066743294275,39.7418190200449,34.1391019841187
17,48.0601685352252,1,35.0802330539492,40.26326882889,32.4887151664788
17,47.0638340066563,0,36.7717645258507,46.2325725435269,32.0413605170125
17,47.9626473807264,0,38.7649802654685,38.9824012145421,38.6562697909317
17,49.8275306768524,1,32.4422576447703,30.5421822877478,33.3922953232815
17,46.4259094866045,0,25.4123454866089,25.0701406653749,25.5834478972259
17,46.7422614262674,1,26.8626944257886,27.375484978105,26.6062991496305
17,49.6394329756601,1,31.4367418210659,34.9215905994704,29.6943174318636
17,46.9228281624371,1,25.9040360277471,31.537394431654,23.0873568257937
17,48.8005034301032,1,31.7356790841338,29.8369615203998,32.6850378660008
17,48.1537776990555,0,32.4355853788193,36.6314117856327,30.3376721754126
17,47.8877128293207,0,33.4748595225218,39.824167428333,30.3002055696163
17,52.3955432921077,0,45.2381197563863,45.9357570449918,44.8893011120836
17,50.8724137006593,1,30.6010150686752,28.5743218190215,31.6143616935021
17,45.5652548705821,0,21.3215893774037,25.4248486104314,19.2699597608898
17,48.5924442745299,1,31.8615657987008,37.784024650516,28.9003363727932
17,47.227293874342,0,24.4980873931135,30.9986595416864,21.247801318827
17,49.9170118243939,0,32.3540874592131,34.0641275400652,31.4990674187871
17,49.1049839069449,1,31.4634750128471,33.736899306763,30.3267628658891
17,46.1061642303843,0,31.8324456831783,34.0187434514175,30.7392967990587
17,48.5530456677464,0,27.2770728307169,27.2316553190514,27.2997815865497
17,49.9857592779215,1,32.1923007659358,33.5254653092672,31.5257184942701
17,50.9955002768867,1,25.8706818172658,27.9860559497817,24.8129947510078
17,48.4459135447493,0,18.9622158498264,21.6353111841751,17.625668182652
17,50.5201071403867,1,24.0689171719969,26.1586831900774,23.0240341629566
17,47.649688103966,0,23.3676326587,27.2085487161614,21.4471746299693
17,50.284498208473,1,31.9368317484608,29.575423946636,33.1175356493732
17,50.475492808456,0,27.8896332695735,30.0194431518338,26.8247283284433
17,51.075685788576,0,28.7061044356685,28.7847444427117,28.6667844321469
17,51.8930495716438,1,34.316496857297,38.4961574742205,32.2266665488353
17,51.8396621895115,1,35.4695064604846,40.6094378956668,32.8995407428934
17,49.4851501639395,1,24.1491680264384,24.6301845836161,23.9086597478496
17,56.1071336420012,1,36.6745439440865,33.0134423061762,38.5050947630416
17,49.3255976642199,0,22.0733148111037,27.8777171289475,19.1711136521819
17,50.4132604019917,0,22.770334183169,28.0765988895478,20.1172018299796
17,48.6766295936274,0,19.5835379973373,25.3708029572974,16.6899055173572
17,47.0941932062207,1,24.1310792328667,25.5778006081287,23.4077185452357
17,54.0588592384507,1,29.1207622954491,33.8790381435675,26.7416243713899
17,47.1891452667155,1,29.2125765787742,33.0155172087375,27.3111062637926
17,49.5735956962349,1,22.0092330036365,26.8932391272297,19.5672299418399
17,47.4403492112755,0,28.566187410296,31.4278132867102,27.1353744720888
17,49.6335084132536,1,30.2413825739261,33.9289768933988,28.3975854141898
17,52.1083134358851,0,29.6434148787889,32.0745210576973,28.4278617893347
17,50.8187580917413,1,37.3829416788604,38.9277777531352,36.610523641723
17,52.6733204379815,0,37.2430243199607,43.03262203943,34.348225460226
17,51.0315748967055,0,27.5889626699225,28.9582813734807,26.9043033181434
17,47.6991050148908,1,19.8326710480341,24.2886648498027,17.6046741471498
17,49.8239115918361,0,25.1411654102814,33.5541944868477,20.9346508719982
17,51.0804198336263,1,24.621022361291,23.3100206390419,25.2765232224156
17,49.3200318411433,0,35.4757234177261,35.7337047000876,35.3467327765454
17,52.6208668740322,1,32.8258696231613,29.8302033813404,34.3237027440718
17,52.6076254138884,1,23.6646749223793,26.0916684547343,22.4511781562019
17,51.2351024883835,0,20.6941966759915,24.1788865670285,18.951851730473
17,50.6205891677562,1,16.7390738440405,20.1863219818489,15.0154497751363
17,47.0622348300384,1,25.8099797189486,30.2415536223184,23.5941927672638
17,49.8173581941287,1,26.259303031688,31.6016356978914,23.5881366985862
17,48.4083371018416,1,29.9517816171953,27.6805242807373,31.0874102854243
17,51.184513405249,1,19.545734482762,20.6731821619842,18.9820106431509
17,49.2230130141422,1,19.2856064930408,16.7488290395957,20.5539952197634
17,46.8367975135635,1,17.6957914736401,20.9636186824785,16.061877869221
17,47.7374440601189,1,17.0446602157179,19.5988606282842,15.7675600094347
17,48.3934611007872,1,22.2945383363603,24.2097328526335,21.3369410782237
17,49.0323532303444,0,22.0194194285487,26.0913582359213,19.9834500248624
17,46.3891505755049,0,21.7096147992533,23.8433093819057,20.6427675079271
17,47.5541693575892,0,15.8995321472883,19.2031911990696,14.2477026213976
17,45.7297679046191,1,23.7652736499505,25.5044231544034,22.895698897724
17,47.0855667818874,1,27.8413762182637,30.629984776039,26.4470719393761
17,48.9045042255569,1,22.8832748049269,27.2336864806385,20.7080689670711
17,49.7763421547404,1,16.9357899655244,20.0055272697026,15.4009213134353
17,47.255428135318,1,23.4385446234092,24.4303062755522,22.9426637973378
17,47.31378642036,1,18.0627339176459,23.0891244486964,15.5495386521207
17,46.1309317387646,1,19.4896825644808,24.3870965435833,17.0409755749296
17,50.5458372278427,0,19.644897883732,20.9128355944594,19.0109290283683
17,46.4463874291782,0,15.9204940773617,20.8183346119109,13.4715738100871
17,44.5377719256127,0,21.6518769013875,21.9421257909334,21.5067524566145
17,50.0561514340338,0,41.4272323357545,41.2350866177727,41.5233051947453
17,48.475968882807,1,22.9437592411296,28.9235378416374,19.9538699408756
17,50.1643098760035,1,22.9588444855622,28.8387729106442,20.0188802730211
17,47.6916792405326,0,24.9626266463271,27.0438380037843,23.9220209675985
17,48.7013807615705,0,20.3539058745215,23.4530859077212,18.8043158579216
17,47.5312184276583,0,20.2585297778158,20.8301332316995,19.9727280508739
17,46.1929074471619,0,23.8112440383276,28.77105895994,21.3313365775214
18,55.8119426105695,0,27.7977730514109,27.3455355657572,28.0238917942378
18,47.5325400871215,0,25.6294496853224,28.5491546277849,24.1695972140912
18,49.015442470113,0,19.9694459624432,18.8284043474407,20.5399667699445
18,49.151907899268,0,23.3897799182052,23.8176339750036,23.175852889806
18,48.3112631903214,0,21.2331786901525,24.4263021857081,19.6366169423748
18,50.9134400136746,0,26.987783963476,33.4784706683739,23.7424406110271
18,48.3491119179916,1,22.3131394325758,23.9496670310539,21.4948756333367
18,48.7085869731922,0,19.8349199348014,25.8075519516928,16.8486039263558
18,47.5830492159727,1,23.6248623384382,29.1537034777061,20.8604417688042
18,51.0814350217954,0,22.4646583689668,22.6712525228056,22.3613612920474
18,48.8311486526378,0,26.8783563321723,30.1658321694884,25.2346184135142
18,46.6891713017047,1,20.6949637130186,25.2362278570892,18.4243316409832
18,45.9246328787082,0,22.2211121266008,25.4377090591986,20.6128136603018
18,47.1190408134943,0,18.2461896853012,17.4536621081314,18.6424534738861
18,47.7008303761845,1,21.8389699157533,27.3196911277025,19.0986093097786
18,49.1813842250824,1,24.471363415582,35.29871441709,19.0576879148279
18,47.5084788083724,1,22.8326102669332,22.6536548896014,22.9220879555991
18,48.9030781044249,1,28.7706800457137,46.5726662526828,19.8696869422291
18,49.3194047264857,0,23.7768408218411,32.4484437118921,19.4410393768156
18,46.7768322031004,1,21.6812359430959,25.6394000291271,19.7021539000802
18,49.8985593142197,1,30.0771219072985,31.1472711634733,29.5420472792111
18,48.3135783413678,0,26.1170350070102,37.835358894372,20.2578730633293
18,46.9998193817735,0,21.9445775312503,27.9690750430274,18.9323287753617
18,46.3174397445237,0,18.947073146817,19.9044968958479,18.4683612723015
18,47.0589070602526,1,17.6722796626443,25.2755703553831,13.8706343162749
18,49.2776394889338,0,26.8695274915621,30.1261073066546,25.2412375840159
18,48.6608447868382,1,20.7603926481172,32.368475005252,14.9563514695497
18,47.4932008003337,0,17.573098307851,17.0937795522954,17.8127576856288
18,52.1297775484422,1,20.1401983076503,27.8444046675145,16.2880951277182
18,47.7241623894945,1,17.851186664914,21.2391369197592,16.1572115374914
18,49.1483205828955,1,21.4103955403932,21.6405028112506,21.2953419049645
18,47.4064531958218,1,20.2795490988281,23.828822936831,18.5049121798266
18,48.7630652695985,0,19.9762250049155,16.8209932853297,21.5538408647083
18,45.4549480147493,1,16.582749471127,22.6001794870401,13.5740344631705
18,45.4857664549465,1,17.9914884945186,23.0715708162066,15.4514473336746
18,44.1627826754282,1,14.5851681854139,19.892604103788,11.9314502262268
18,45.8996591374609,0,21.4138961765868,21.4115730008877,21.4150577644364
18,48.3951209223533,1,12.6628542807194,14.0062910670135,11.9911358875723
18,46.8083617749312,1,16.9721065257838,18.0110110871454,16.4526542451029
18,48.3791387755961,1,21.2763811291783,27.8342659954903,17.9974386960222
18,46.3615536369215,0,25.2181054184992,35.1911905285509,20.2315628634734
18,47.9441292919468,0,22.1284037365209,25.3425938589073,20.5213086753277
18,45.6959265627595,0,20.9418728836076,26.2700781793226,18.2777702357501
18,45.6175285293318,0,17.9810852353306,23.4261434462391,15.2585561298763
18,47.4394763366898,0,19.0204195391064,25.8018202670828,15.6297191751183
18,48.7059843915883,0,19.4991427369753,24.5638619718386,16.9667831195436
18,44.96686993386,1,20.2209837434314,27.1928959895757,16.7350276203593
18,44.55526608528,0,17.1118414067617,20.6765417821199,15.3294912190826
18,48.5515358756463,1,17.6489839581135,22.5973900468534,15.1747809137436
18,46.957730947459,1,26.3512213997714,29.5289243402492,24.7623699295325
18,45.7946074091716,0,20.3053889934856,23.8980536670874,18.5090566566847
18,47.9294522346643,0,21.9399149496216,27.4703104562883,19.1747171962883
18,45.7653992076604,0,16.5425734765882,17.4148946127326,16.1064129085159
18,46.5818413267223,0,21.7200618687421,29.2732374935848,17.9434740563207
18,47.0660159464013,0,23.615728332406,32.8739438374111,18.9866205799034
18,47.5269749028611,0,21.1351857009303,22.5489419434552,20.4283075796679
18,45.0151173546464,0,19.4259476439302,25.7969705461847,16.2404361928029
18,47.5964920372463,0,18.839088192488,22.6672559311291,16.9250043231674
18,46.6873788988195,0,19.6619224742734,25.2950582443961,16.8453545892121
18,45.9549960842881,1,15.252118569046,16.4668234906614,14.6447661082384
18,48.3397890154867,0,27.0342229775582,27.5857585112542,26.7584552107102
18,44.6805344062201,1,18.4199081316183,24.7403837389561,15.2596703279494
18,47.6333539354578,1,22.6580362490087,21.1388089653477,23.4176498908392
18,44.9526464477109,1,12.5052083792302,9.77499314805074,13.87031599482
18,44.9981158353162,0,16.461626978208,20.4182520992855,14.4833144176692
18,48.2679351554654,1,22.2397583992177,27.2460669674049,19.7366041151241
18,47.4385333013015,1,15.1034696895666,15.8899066416105,14.7102512135446
18,47.2485158011261,0,19.1188408067333,22.030582441431,17.6629699893845
18,50.3192534324401,0,18.0742743853918,22.9718246908344,15.6254992326705
18,45.3938511862308,0,20.86711690657,25.7793518977572,18.4109994109764
18,47.0475105339711,0,19.5210444443003,15.5087892473105,21.5271720427951
18,45.5835296205561,0,19.4894316994227,24.237751988487,17.1152715548905
18,47.0023418111339,0,18.7375889018036,20.1831258161184,18.0148204446462
18,46.4029401508653,1,16.887553931366,21.6294632276985,14.5165992831997
18,48.4288796424777,0,17.3683759437452,20.2733289388487,15.9158994461935
18,46.8077396906318,0,15.7823189773134,17.9726289183224,14.6871640068089
18,44.9170092351255,0,21.2545440767575,22.2976444658473,20.7329938822126
18,45.4081902326503,0,17.3780133560421,19.5227000617083,16.305670003209
18,48.3476000064373,0,19.4639976440847,21.511013038479,18.4404899468876
18,47.8807805016425,0,16.4479839035722,21.4758830199299,13.9340343453934
18,47.2959054732599,0,21.9234991231725,27.176104839313,19.2971962651022
18,51.3798062019599,1,17.7737419927972,18.3012409643717,17.5099925070099
18,46.8554195099677,1,16.7425418234496,20.6827281895585,14.7724486403951
18,44.9432547104914,0,15.6074797540905,17.2604691260903,14.7809850680906
18,46.9960912616433,0,17.235480403519,19.1742598035676,16.2660907034946
18,44.9783207864566,0,16.2137381152014,22.1645125843705,13.2383508806168
18,47.0785620023071,1,19.1021008288145,20.688970799676,18.3086658433837
18,47.9672756405096,1,18.2498640098759,20.4027883111547,17.1734018592365
18,46.1798703583358,1,16.3472720118541,21.8722660276699,13.5847750039461
18,47.8008636498495,1,16.773007411661,21.9064924598749,14.206264887554
18,51.2132495260573,1,24.2989566935681,25.2546489988337,23.8211105409353
18,48.1846511471861,0,12.4183748980555,13.5966280362512,11.8292483289577
18,45.6416193392178,1,15.4048417427846,17.0172844150427,14.5986204066555
18,48.2832217404213,0,14.6602821120229,15.2081457371856,14.3863502994416
18,50.1597307078917,0,22.8869985690178,29.1620020291659,19.7494968389437
18,46.8244653959622,1,17.4524921761907,22.2147396770178,15.0713684257771
18,47.6803773549368,0,17.0501280598153,20.2037005399749,15.4733418197355
18,47.2245647167607,0,18.9282543264576,24.2910406239103,16.2468611777312
18,46.6859718648204,0,11.8823408484798,15.3093312182803,10.1688456635796
18,48.6176478465388,0,21.2905624194594,31.9020032736103,15.9848419923839
18,44.5830225468779,0,18.1223928822643,26.4191472689442,13.9740156889243
18,46.950503332893,0,17.068122003738,20.3839632878952,15.4102013616595
18,45.2432244007931,1,18.7642844516444,21.2727114440585,17.5100709554373
18,50.1072007720806,1,23.9627525304439,27.786816806203,22.0507203925643
18,47.6369072133474,1,25.3860736912467,30.5479970811116,22.8051119963142
18,48.0131027664733,0,15.596421725175,21.0804751145549,12.854395030485
18,45.5757136088631,0,20.2749685320111,28.6945990770901,16.0651532594717
